"X","aaSeqCDR3","cloneCount","cloneFraction","unique_nucleotide_count","AA_length","cluster_id","deg","betaCDR3_length","transitivity","eigen_centrality","centr_eigen","betweenness","centr_betw","authority_score","coreness","page_rank","membership_stat"
1,"*ASSLGAGNYTF",1,6.58301844561768e-06,1,12,195,1,12,NA,0,0,0,0,0,1,0.00234192037470831,195
2,"*ASSRKGETTGEQYF",1,6.58301844561768e-06,1,15,193,1,15,NA,0,0,0,0,0,1,0.00234192037470831,193
3,"*ATSGNRGGRETQYF",1,6.58301844561768e-06,1,15,72,1,15,NA,0,0,0,0,0,1,0.00234192037470831,72
4,"*ATSRDLGAAEQYF",1,6.58301844561768e-06,1,14,191,1,14,NA,0,0,0,0,0,1,0.00234192037470831,191
13,"CACSIPEL_YNSPLHF",1,6.58301844561768e-06,1,16,90,1,16,NA,0,0,0,0,0,1,0.00234192037470831,90
14,"CACSLYYT_TSSYEQYF",1,6.58301844561768e-06,1,17,84,1,17,NA,0,0,0,0,0,1,0.00234192037470831,84
17,"CAESNRGDEQFF",13,8.55792397930299e-05,1,12,187,1,12,NA,0,0,0,0,0,1,0.00234192037470831,187
18,"CAESNRGDEQYF",1,6.58301844561768e-06,1,12,187,1,12,NA,0,0,0,0,0,1,0.00234192037470652,187
22,"CAGSLGEAGELFF",1,6.58301844561768e-06,1,13,119,1,13,NA,0,0,0,0,0,1,0.00234192037470831,119
29,"CAGTKLAATYNEQFF",1,6.58301844561768e-06,1,15,25,1,15,NA,8.46674975026007e-17,2.30911356825275e-17,0,0,0,1,0.00180391163997881,25
36,"CAIMKGEHDSYNEQFF",5,3.29150922280884e-05,1,16,133,1,16,NA,0,0,0,0,0,1,0.00234192037470831,133
46,"CAISEGNTRSGANVLTF",1,6.58301844561768e-06,1,17,69,1,17,NA,0,0,0,0,0,1,0.00234192037470831,69
57,"CAISESMARGDNNEQFF",2,1.31660368912354e-05,1,17,39,1,17,NA,0,0,0,0,0,1,0.00234192037470831,39
58,"CAISESMASGDNNEQFF",33,0.000217239608705384,1,17,39,1,17,NA,0,0,0,0,0,1,0.00234192037470652,39
70,"CAISLGAGEAKLFF",1,6.58301844561768e-06,1,14,14,1,14,NA,8.38977929798498e-17,2.46305447280293e-17,0,0,0,1,0.00180391163997881,14
75,"CAISTGLQTDTQYF",1,6.58301844561768e-06,1,14,183,1,14,NA,0,0,0,0,0,1,0.00234192037470831,183
77,"CAIT*TTNYGYTF",1,6.58301844561768e-06,1,13,150,1,13,NA,0,0,0,0,0,1,0.00234192037470831,150
79,"CAITETTNYGYTF",7,4.60811291193238e-05,1,13,150,1,13,NA,0,0,0,0,0,1,0.00234192037470652,150
91,"CANRDRGNTGELFF",1,6.58301844561768e-06,1,14,107,1,14,NA,0,0,0,0,0,1,0.00234192037470831,107
93,"CANSLLAGTTIPYEQYF",1,6.58301844561768e-06,1,17,87,1,17,NA,0,0,0,0,0,1,0.00234192037470831,87
95,"CAPAGG_DTQYF",4,2.63320737824707e-05,1,12,86,1,12,NA,0,0,0,0,0,1,0.00234192037470831,86
97,"CAPTKGLA_VRSNEQFF",5,3.29150922280884e-05,1,17,57,1,17,NA,0,0,0,0,0,1,0.00234192037470831,57
98,"CAPTMGLA_VRSNEQFF",1,6.58301844561768e-06,1,17,57,1,17,NA,0,0,0,0,0,1,0.00234192037470652,57
99,"CAPWRGETQYF",25,0.000164575461140442,1,11,46,1,11,NA,0,0,0,0,0,1,0.00234192037470831,46
100,"CAPWRRETQYF",1,6.58301844561768e-06,1,11,46,1,11,NA,0,0,0,0,0,1,0.00234192037470652,46
104,"CARKQGKR_SGNTIYF",13,8.55792397930299e-05,1,16,38,1,16,NA,0,0,0,0,0,1,0.00234192037470831,38
105,"CARKQGKR_SGNTIYY",1,6.58301844561768e-06,1,16,38,1,16,NA,0,0,0,0,0,1,0.00234192037470652,38
116,"CARSFFWLANHNEQFF",1,6.58301844561768e-06,1,16,58,1,16,NA,0,0,0,0,0,1,0.00234192037470831,58
117,"CARSFRREGPYEQ*F",1,6.58301844561768e-06,1,15,28,1,15,NA,0,0,0,0,0,1,0.00234192037470831,28
118,"CARSFRREGPYEQYF",10,6.58301844561769e-05,1,15,28,1,15,NA,0,0,0,0,0,1,0.00234192037470652,28
121,"CARSHGGAGYEQYF",1,6.58301844561768e-06,1,14,33,1,14,NA,0,0,0,0,0,1,0.00234192037470831,33
122,"CARSLAGWNEQFF",1,6.58301844561768e-06,1,13,182,1,13,NA,0,0,0,0,0,1,0.00234192037470831,182
125,"CARSLETGFNYGYTF",1,6.58301844561768e-06,1,15,26,1,15,NA,7.15825206158351e-17,2.54002492507802e-17,0,0,0,1,0.00180391163997881,26
126,"CARSLGAVSNQPQHF",1,6.58301844561768e-06,1,15,149,1,15,NA,0,0,0,0,0,1,0.00234192037470831,149
130,"CARSMGLAGHGDTQYF",1,6.58301844561768e-06,1,16,137,1,16,NA,0,0,0,0,0,1,0.00234192037470831,137
137,"CAS*PQRDEQFF",1,6.58301844561768e-06,1,12,117,1,12,NA,0,0,0,0,0,1,0.00234192037470831,117
148,"CASCLVASGS*STDTQYF",1,6.58301844561768e-06,1,18,111,1,18,NA,0,0,0,0,0,1,0.00234192037470831,111
150,"CASCSAGTGCNEQFF",22,0.000144826405803589,1,15,106,1,15,NA,0,0,0,0,0,1,0.00234192037470831,106
151,"CASCSAGTRCNEQFF",1,6.58301844561768e-06,1,15,106,1,15,NA,0,0,0,0,0,1,0.00234192037470652,106
164,"CASGDGNTGELFF",1,6.58301844561768e-06,1,13,81,1,13,NA,0,0,0,0,0,1,0.00234192037470831,81
171,"CASGGGNTGELFF",61,0.000401564125182679,1,13,81,1,13,NA,0,0,0,0,0,1,0.00234192037470652,81
175,"CASGIASRGPEKLFF",1,6.58301844561768e-06,1,15,61,1,15,NA,0,0,0,0,0,1,0.00234192037470831,61
177,"CASGKGLSSSGNTIYF",16,0.000105328295129883,1,16,59,1,16,NA,0,0,0,0,0,1,0.00234192037470831,59
195,"CASGSGGSRNDQFF",1,6.58301844561768e-06,1,14,56,1,14,NA,0,0,0,0,0,1,0.00234192037470831,56
196,"CASGSGGSRNEQFF",23,0.000151409424249207,1,14,56,1,14,NA,0,0,0,0,0,1,0.00234192037470652,56
202,"CASHSGLGTDTQYF",19,0.000125077350466736,2,14,51,1,14,NA,0,0,0,0,0,1,0.00234192037470831,51
205,"CASIERAGH_GGANVLTF",18,0.000118494332021118,1,18,49,1,18,NA,0,0,0,0,0,1,0.00234192037470831,49
206,"CASIERTGH_GGANVLTF",1,6.58301844561768e-06,1,18,49,1,18,NA,0,0,0,0,0,1,0.00234192037470652,49
223,"CASKGSTEAFF",34,0.000223822627151001,1,11,24,1,11,NA,8.08189748888461e-17,2.07820221142747e-17,0,0,0,1,0.00180391163997881,24
235,"CASLGSYNEQFF",16,0.000105328295129883,1,12,12,1,12,NA,6.00369527745714e-17,1.00061587957619e-17,0,0,0,1,0.00180391163997881,12
239,"CASLINRGTDTQYF",1,6.58301844561768e-06,1,14,43,1,14,NA,0,0,0,0,0,1,0.00234192037470831,43
249,"CASMGLAGVNEQFF",79,0.000520058457203797,1,14,37,1,14,NA,0,0,0,0,0,1,0.00234192037470831,37
254,"CASNDGASGTMVTQYF",3,1.97490553368531e-05,1,16,80,1,16,NA,0,0,0,0,0,1,0.00234192037470831,80
260,"CASNIRERQPQHF",1,6.58301844561768e-06,1,13,34,1,13,NA,0,0,0,0,0,1,0.00234192037470831,34
281,"CASQSGLGTDTQYF",1,6.58301844561768e-06,1,14,51,1,14,NA,0,0,0,0,0,1,0.00234192037470652,51
297,"CASRDRGNTGELFF",11,7.24132029017945e-05,1,14,107,1,14,NA,0,0,0,0,0,1,0.00234192037470652,107
302,"CASRDTGDGGAEQYF",17,0.000111911313575501,1,15,21,2,15,0,7.69704522750916e-19,5.23399075470623e-17,1,1,0,1,0.00341793784416806,21
303,"CASRDTGVGGAEQYF",1,6.58301844561768e-06,1,15,21,1,15,NA,7.54310432295897e-17,5.38793165925642e-17,0,0,0,1,0.00180391163997664,21
307,"CASREGQLSTDTQYF",7,4.60811291193238e-05,2,15,116,1,15,NA,0,0,0,0,0,1,0.00234192037470831,116
317,"CASRG_DEQFF",1,6.58301844561768e-06,1,11,27,1,11,NA,0,0,0,0,0,1,0.00234192037470831,27
318,"CASRG_DEQYF",1,6.58301844561768e-06,1,11,27,1,11,NA,0,0,0,0,0,1,0.00234192037470652,27
326,"CASRGGRSSYNEQFF",1,6.58301844561768e-06,1,15,35,1,15,NA,0,0,0,0,0,1,0.00234192037470831,35
331,"CASRGLAGVNEQFF",22,0.000144826405803589,1,14,37,1,14,NA,0,0,0,0,0,1,0.00234192037470652,37
335,"CASRGNTEAFF",12,7.89962213474122e-05,1,11,24,1,11,NA,7.85098613205934e-17,3.00184763872857e-17,0,0,0,1,0.00180391163997612,24
337,"CASRGPGETGELFF",1,6.58301844561768e-06,1,14,177,1,14,NA,0,0,0,0,0,1,0.00234192037470831,177
338,"CASRGPGGTGELFF",20,0.000131660368912354,1,14,177,1,14,NA,0,0,0,0,0,1,0.00234192037470652,177
343,"CASRGQGAQPQHF",10,6.58301844561769e-05,1,13,164,1,13,NA,0,0,0,0,0,1,0.00234192037470831,164
344,"CASRGQGNQPQHF",8,5.26641475649415e-05,1,13,164,1,13,NA,0,0,0,0,0,1,0.00234192037470652,164
348,"CASRGSTEAFF",14,9.21622582386476e-05,1,11,24,2,11,0,2.15517266370256e-17,1.8472908546022e-17,1,1,0,1,0.00341793784416717,24
360,"CASRLAATNTGELFF",206,0.00135610179979724,1,15,132,1,15,NA,0,0,0,0,0,1,0.00234192037470831,132
366,"CASRLGPSYNEQFF",22,0.000144826405803589,1,14,121,1,14,NA,0,0,0,0,0,1,0.00234192037470831,121
407,"CASRRGQLSTDTQYF",1,6.58301844561768e-06,1,15,116,1,15,NA,0,0,0,0,0,1,0.00234192037470652,116
409,"CASRRGQVQETQYF",14,9.21622582386476e-05,1,14,192,1,14,NA,0,0,0,0,0,1,0.00234192037470831,192
415,"CASRRNLNTEAFF",1,6.58301844561768e-06,1,13,110,1,13,NA,0,0,0,0,0,1,0.00234192037470831,110
424,"CASRRTLNTEAFF",12,7.89962213474122e-05,1,13,110,1,13,NA,0,0,0,0,0,1,0.00234192037470652,110
441,"CASRTGEEKLFF",12,7.89962213474122e-05,1,12,105,1,12,NA,0,0,0,0,0,1,0.00234192037470831,105
462,"CASS*GYQETQYF",1,6.58301844561768e-06,1,13,115,1,13,NA,0,0,0,0,0,1,0.00234192037470831,115
521,"CASSDRWD*_GLQETQYF",2,1.31660368912354e-05,1,18,160,1,18,NA,0,0,0,0,0,1,0.00234192037470831,160
528,"CASSEAGNTEAFF",5,3.29150922280884e-05,1,13,95,1,13,NA,0,0,0,0,0,1,0.00234192037470831,95
531,"CASSEARNTEAFF",3,1.97490553368531e-05,1,13,95,1,13,NA,0,0,0,0,0,1,0.00234192037470652,95
549,"CASSEGNTRSGANVLTF",6,3.94981106737061e-05,1,17,69,1,17,NA,0,0,0,0,0,1,0.00234192037470652,69
556,"CASSEGWDEQFF",17,0.000111911313575501,1,12,141,1,12,NA,0,0,0,0,0,1,0.00234192037470831,141
587,"CASSFDPDTQYF",3,1.97490553368531e-05,1,12,63,1,12,NA,0,0,0,0,0,1,0.00234192037470831,63
590,"CASSFDSDTQYF",2,1.31660368912354e-05,1,12,63,1,12,NA,0,0,0,0,0,1,0.00234192037470652,63
591,"CASSFDTSYEQYF",10,6.58301844561769e-05,1,13,60,1,13,NA,0,0,0,0,0,1,0.00234192037470831,60
592,"CASSFDTSYERYF",1,6.58301844561768e-06,1,13,60,1,13,NA,0,0,0,0,0,1,0.00234192037470652,60
596,"CASSFFWLANHNEQFF",5,3.29150922280884e-05,1,16,58,1,16,NA,0,0,0,0,0,1,0.00234192037470652,58
600,"CASSFGGTGNSGELFF",1,6.58301844561768e-06,1,16,55,1,16,NA,0,0,0,0,0,1,0.00234192037470831,55
601,"CASSFGIGSTKNIQYF",1,6.58301844561768e-06,1,16,53,1,16,NA,0,0,0,0,0,1,0.00234192037470831,53
602,"CASSFGIGSTQNIQYF",10,6.58301844561769e-05,1,16,53,1,16,NA,0,0,0,0,0,1,0.00234192037470652,53
605,"CASSFGLPYEQYF",5,3.29150922280884e-05,1,13,52,1,13,NA,0,0,0,0,0,1,0.00234192037470831,52
606,"CASSFGLSYEQYF",12,7.89962213474122e-05,1,13,52,1,13,NA,0,0,0,0,0,1,0.00234192037470652,52
617,"CASSFI*GTS_EFGQETQYF",1,6.58301844561768e-06,1,20,50,1,20,NA,0,0,0,0,0,1,0.00234192037470831,50
618,"CASSFI*GTS_EFSQETQYF",16,0.000105328295129883,1,20,50,1,20,NA,0,0,0,0,0,1,0.00234192037470652,50
621,"CASSFKQGAISNQPQHF",1,6.58301844561768e-06,1,17,48,1,17,NA,0,0,0,0,0,1,0.00234192037470831,48
622,"CASSFKQGANSNQPQHF",12,7.89962213474122e-05,1,17,48,1,17,NA,0,0,0,0,0,1,0.00234192037470652,48
625,"CASSFLNTEAFF",8,5.26641475649415e-05,1,12,45,1,12,NA,0,0,0,0,0,1,0.00234192037470831,45
640,"CASSFPNTEAFF",2,1.31660368912354e-05,1,12,45,1,12,NA,0,0,0,0,0,1,0.00234192037470652,45
648,"CASSFQSYEQYF",38,0.000250154700933472,1,12,4,1,12,NA,3.17734026991578e-15,4.26108423794907e-15,0,0,4.92610894560586e-17,1,0.00130533004402893,4
655,"CASSFRGQGPNEQFF",6,3.94981106737061e-05,1,15,173,1,15,NA,0,0,0,0,0,1,0.00234192037470831,173
656,"CASSFRGTGNSGELFF",16,0.000105328295129883,1,16,55,1,16,NA,0,0,0,0,0,1,0.00234192037470652,55
668,"CASSFSTGEQFF",1,6.58301844561768e-06,1,12,41,1,12,NA,0,0,0,0,0,1,0.00234192037470831,41
669,"CASSFSTGEQYF",15,9.87452766842653e-05,1,12,41,1,12,NA,0,0,0,0,0,1,0.00234192037470652,41
686,"CASSGGDTQYF",62,0.000408147143628296,1,11,36,1,11,NA,0,0,0,0,0,1,0.00234192037470831,36
690,"CASSGGRSSYNEQFF",146,0.000961120693060182,1,15,35,1,15,NA,0,0,0,0,0,1,0.00234192037470652,35
691,"CASSGGTEETQYF",4,2.63320737824707e-05,1,13,6,2,13,1,6.15763618200732e-17,1.72413813096205e-16,0,0,0,2,0.00234192037470613,6
705,"CASSGSDTQYF",7,4.60811291193238e-05,1,11,36,1,11,NA,0,0,0,0,0,1,0.00234192037470652,36
721,"CASSHGGAGYEQYF",1,6.58301844561768e-06,1,14,33,1,14,NA,0,0,0,0,0,1,0.00234192037470652,33
733,"CASSHRGHLTGELFF",20,0.000131660368912354,1,15,142,1,15,NA,0,0,0,0,0,1,0.00234192037470831,142
746,"CASSIASRGPEKLFF",13,8.55792397930299e-05,1,15,61,1,15,NA,0,0,0,0,0,1,0.00234192037470652,61
756,"CASSIEGGNEQFF",221,0.00145484707648151,1,13,124,1,13,NA,0,0,0,0,0,1,0.00234192037470831,124
775,"CASSIGLAGGPRGGELFF",2,1.31660368912354e-05,1,18,30,1,18,NA,0,0,0,0,0,1,0.00234192037470831,30
795,"CASSINRGTDTQYF",16,0.000105328295129883,1,14,43,1,14,NA,0,0,0,0,0,1,0.00234192037470652,43
796,"CASSIPEL_YNSPLHF",18,0.000118494332021118,1,16,90,1,16,NA,0,0,0,0,0,1,0.00234192037470652,90
797,"CASSIPSPGLYEQYF",17,0.000111911313575501,1,15,31,1,15,NA,0,0,0,0,0,1,0.00234192037470831,31
798,"CASSIPSPGLYKQYF",1,6.58301844561768e-06,1,15,31,1,15,NA,0,0,0,0,0,1,0.00234192037470652,31
800,"CASSIRERQPQHF",25,0.000164575461140442,1,13,34,1,13,NA,0,0,0,0,0,1,0.00234192037470652,34
812,"CASSIWLAGGPRGGELFF",1,6.58301844561768e-06,1,18,30,1,18,NA,0,0,0,0,0,1,0.00234192037470652,30
842,"CASSLAASGAEEQYF",1,6.58301844561768e-06,1,15,40,1,15,NA,0,0,0,0,0,1,0.00234192037470831,40
844,"CASSLAASGTEEQYF",19,0.000125077350466736,2,15,40,1,15,NA,0,0,0,0,0,1,0.00234192037470652,40
845,"CASSLAATNTGELFF",1,6.58301844561768e-06,1,15,132,1,15,NA,0,0,0,0,0,1,0.00234192037470652,132
846,"CASSLACG_DRYEQYF",1,6.58301844561768e-06,1,16,42,1,16,NA,0,0,0,0,0,1,0.00234192037470831,42
850,"CASSLAGAYEQYF",1,6.58301844561768e-06,1,13,1,2,13,0,4.31034532740513e-17,0,2,2,0,1,0.00304038785488462,1
854,"CASSLAGFSNEQFF",4,2.63320737824707e-05,1,14,7,2,14,1,0,1.97044357824235e-16,0,0,0,2,0.00234192037470613,7
855,"CASSLAGG_DRYEQYF",7,4.60811291193238e-05,1,16,42,1,16,NA,0,0,0,0,0,1,0.00234192037470652,42
860,"CASSLAGGSNEQFF",1,6.58301844561768e-06,1,14,7,2,14,1,0,1.47783268368176e-16,0,0,0,2,0.00234192037470473,7
865,"CASSLAGRSYNEQFF",1,6.58301844561768e-06,1,15,169,1,15,NA,0,0,0,0,0,1,0.00234192037470831,169
871,"CASSLAGVSNEQFF",7,4.60811291193238e-05,1,14,7,2,14,1,0,1.72413813096205e-16,0,0,0,2,0.00234192037470318,7
872,"CASSLAGWNEQFF",14,9.21622582386476e-05,2,13,182,1,13,NA,0,0,0,0,0,1,0.00234192037470652,182
874,"CASSLAGYYEQYF",2,1.31660368912354e-05,1,13,1,1,13,NA,0,1.23152723640147e-16,0,0,0,1,0.00164345289453161,1
878,"CASSLANNYGYTF",1,6.58301844561768e-06,1,13,2,1,13,NA,0,9.54433608211137e-17,0,0,0,1,0.00164345289453348,2
885,"CASSLASNYGYTF",4,2.63320737824707e-05,1,13,2,2,13,0,5.84975437290696e-17,0,2,2,0,1,0.00304038785488402,2
894,"CASSLDGRSYNEQFF",20,0.000131660368912354,1,15,169,1,15,NA,0,0,0,0,0,1,0.00234192037470652,169
904,"CASSLDRDSYSYNEQFF",2,1.31660368912354e-05,1,17,163,1,17,NA,0,0,0,0,0,1,0.00234192037470831,163
917,"CASSLEGAANSPLHF",1,6.58301844561768e-06,1,15,153,1,15,NA,0,0,0,0,0,1,0.00234192037470831,153
918,"CASSLEGANNSPLHF",24,0.000157992442694824,1,15,153,1,15,NA,0,0,0,0,0,1,0.00234192037470652,153
921,"CASSLEGG_LNTEAFF",1,6.58301844561768e-06,1,16,19,1,16,NA,8.31280884570989e-17,2.7709362819033e-17,0,0,0,1,0.00180391163997881,19
924,"CASSLEGGGLNTEAFF",2,1.31660368912354e-05,1,16,19,2,16,0,6.15763618200732e-18,2.07820221142747e-17,1,1,0,1,0.00341793784416717,19
925,"CASSLEGGGLNTQAFF",1,6.58301844561768e-06,1,16,19,1,16,NA,5.77278392063187e-17,6.15763618200733e-18,0,0,0,1,0.00180391163997612,19
927,"CASSLEILGLAIQETQYF",1,6.58301844561768e-06,1,18,127,1,18,NA,0,0,0,0,0,1,0.00234192037470831,127
928,"CASSLEIPGLAIQETQYF",8,5.26641475649415e-05,1,18,127,1,18,NA,0,0,0,0,0,1,0.00234192037470652,127
933,"CASSLETGFNYGYTF",6,3.94981106737061e-05,1,15,26,2,15,0,2.46305447280293e-17,3.84852261375458e-17,1,1,0,1,0.00341793784416717,26
950,"CASSLGAGEAKLFF",20,0.000131660368912354,1,14,14,2,14,0,4.46428623195531e-17,1.69334995005202e-17,1,1,0,1,0.00341793784416717,14
951,"CASSLGAGEVKLFF",1,6.58301844561768e-06,1,14,14,1,14,NA,7.85098613205934e-17,3.15578854327876e-17,0,0,0,1,0.00180391163997612,14
953,"CASSLGAGNYTF",5,3.29150922280884e-05,1,12,195,1,12,NA,0,0,0,0,0,1,0.00234192037470652,195
956,"CASSLGAVSNQPQHF",7,4.60811291193238e-05,1,15,149,1,15,NA,0,0,0,0,0,1,0.00234192037470652,149
958,"CASSLGD_SNQPQHF",3,1.97490553368531e-05,1,15,112,1,15,NA,0,0,0,0,0,1,0.00234192037470831,112
960,"CASSLGEAGELFF",17,0.000111911313575501,2,13,119,1,13,NA,0,0,0,0,0,1,0.00234192037470652,119
965,"CASSLGG_SNQPQHF",1,6.58301844561768e-06,1,15,112,1,15,NA,0,0,0,0,0,1,0.00234192037470652,112
966,"CASSLGGDTEAFF",1,6.58301844561768e-06,1,13,109,1,13,NA,0,0,0,0,0,1,0.00234192037470831,109
971,"CASSLGGNEQFF",11,7.24132029017945e-05,1,12,3,3,12,0.333333333333333,2.2660101149787e-15,2.90640427790746e-15,3,3,0,2,0.00340076735263255,3
973,"CASSLGGPGLAGQ*TQYF",1,6.58301844561768e-06,1,18,104,1,18,NA,0,0,0,0,0,1,0.00234192037470831,104
974,"CASSLGGPGLAGQETQYF",5,3.29150922280884e-05,1,18,104,1,18,NA,0,0,0,0,0,1,0.00234192037470652,104
977,"CASSLGGQTEAFF",1,6.58301844561768e-06,1,13,109,1,13,NA,0,0,0,0,0,1,0.00234192037470652,109
981,"CASSLGGTSGRDEQFF",5,3.29150922280884e-05,1,16,101,1,16,NA,0,0,0,0,0,1,0.00234192037470831,101
990,"CASSLGLAVNTGELFF",31,0.000204073571814148,1,16,181,1,16,NA,0,0,0,0,0,1,0.00234192037470831,181
993,"CASSLGMETQYF",28,0.000184324516477295,2,12,97,1,12,NA,0,0,0,0,0,1,0.00234192037470831,97
994,"CASSLGMGTQYF",1,6.58301844561768e-06,1,12,97,1,12,NA,0,0,0,0,0,1,0.00234192037470652,97
995,"CASSLGNTEAFF",1,6.58301844561768e-06,1,12,92,1,12,NA,0,0,0,0,0,1,0.00234192037470831,92
1000,"CASSLGPSYNEQFF",1,6.58301844561768e-06,1,14,121,1,14,NA,0,0,0,0,0,1,0.00234192037470652,121
1002,"CASSLGQAYEQYF",12,7.89962213474122e-05,1,13,71,1,13,NA,0,0,0,0,0,1,0.00234192037470831,71
1006,"CASSLGQGN*QYF",1,6.58301844561768e-06,1,13,67,1,13,NA,0,0,0,0,0,1,0.00234192037470831,67
1007,"CASSLGQGNEQYF",18,0.000118494332021118,1,13,67,1,13,NA,0,0,0,0,0,1,0.00234192037470652,67
1008,"CASSLGQGNTEAFF",1,6.58301844561768e-06,1,14,64,1,14,NA,0,0,0,0,0,1,0.00234192037470831,64
1012,"CASSLGQMNTEAFF",7,4.60811291193238e-05,1,14,64,1,14,NA,0,0,0,0,0,1,0.00234192037470652,64
1015,"CASSLGQRYEQYF",1,6.58301844561768e-06,1,13,71,1,13,NA,0,0,0,0,0,1,0.00234192037470652,71
1027,"CASSLGSDYGYTF",12,7.89962213474122e-05,1,13,2,1,13,NA,0,1.2623154173115e-16,0,0,0,1,0.00164345289452984,2
1030,"CASSLGSNYGYTF",6,3.94981106737061e-05,1,13,2,2,13,0,2.15517266370256e-17,0,2,2,0,1,0.00304038785488162,2
1052,"CASSLGVNEHFF",1,6.58301844561768e-06,1,12,3,1,12,NA,1.08374396803329e-15,1.28078832585753e-15,0,0,0,1,0.00131483880611771,3
1053,"CASSLGVNEQFF",10,6.58301844561769e-05,1,12,3,3,12,0.333333333333333,2.41379338334687e-15,2.8571431884514e-15,3,3,0,2,0.0034007673526306,3
1056,"CASSLGVTSGRDEQFF",1,6.58301844561768e-06,1,16,101,1,16,NA,0,0,0,0,0,1,0.00234192037470652,101
1058,"CASSLGYNEQFF",1,6.58301844561768e-06,1,12,3,2,12,1,2.06896575715446e-15,2.46305447280293e-15,0,0,0,2,0.00227838955602841,3
1073,"CASSLLAGGDYEQYF",1,6.58301844561768e-06,1,15,123,1,15,NA,0,0,0,0,0,1,0.00234192037470831,123
1075,"CASSLLAGTTIPYEQYF",1,6.58301844561768e-06,1,17,87,1,17,NA,0,0,0,0,0,1,0.00234192037470652,87
1085,"CASSLLRTGGAVFHNEQFF",16,0.000105328295129883,1,19,54,1,19,NA,0,0,0,0,0,1,0.00234192037470831,54
1086,"CASSLLRTGGAVFHNEQYF",1,6.58301844561768e-06,1,19,54,1,19,NA,0,0,0,0,0,1,0.00234192037470652,54
1108,"CASSLNSYEQYF",456,0.00300185641120166,2,12,4,2,12,1,5.81280855581491e-15,7.93103540242544e-15,0,0,2.46305447280293e-16,2,0.00226287036310581,4
1112,"CASSLPGLGSNEKFF",1,6.58301844561768e-06,1,15,70,1,15,NA,0,0,0,0,0,1,0.00234192037470831,70
1113,"CASSLPGLGSNEQFF",19,0.000125077350466736,1,15,70,1,15,NA,0,0,0,0,0,1,0.00234192037470652,70
1128,"CASSLQGAREKLFF",3,1.97490553368531e-05,1,14,190,1,14,NA,0,0,0,0,0,1,0.00234192037470831,190
1136,"CASSLQGYEQYF",17,0.000111911313575501,1,12,4,1,12,NA,3.2758624488279e-15,4.26108423794907e-15,0,0,4.92610894560586e-17,1,0.00130533004402711,4
1142,"CASSLQREREASIKWEFF",49,0.000322567903835267,1,18,189,1,18,NA,0,0,0,0,0,1,0.00234192037470831,189
1144,"CASSLQSYEQYF",1,6.58301844561768e-06,1,12,4,4,12,0.166666666666667,7.38916341840879e-15,1.02463066068602e-14,7,7,1.47783268368176e-16,2,0.00448960935445253,4
1150,"CASSLRDAWDEQFF",2,1.31660368912354e-05,1,14,73,1,14,NA,0,0,0,0,0,1,0.00234192037470831,73
1151,"CASSLRDAWDEQIF",1,6.58301844561768e-06,1,14,73,1,14,NA,0,0,0,0,0,1,0.00234192037470652,73
1154,"CASSLRFSGRTAEQYF",13,8.55792397930299e-05,1,16,74,1,16,NA,0,0,0,0,0,1,0.00234192037470831,74
1155,"CASSLRFSWRTAEQYF",1,6.58301844561768e-06,1,16,74,1,16,NA,0,0,0,0,0,1,0.00234192037470652,74
1158,"CASSLRGNEQFF",7,4.60811291193238e-05,1,12,3,1,12,NA,1.0098523338492e-15,1.28078832585753e-15,0,0,0,1,0.00131483880611847,3
1179,"CASSLRTGREQYF",1,6.58301844561768e-06,1,13,8,2,13,1,6.8965525238482e-16,9.85221789121173e-16,0,0,0,2,0.00230377347623702,8
1189,"CASSLSGEGATQYF",12,7.89962213474122e-05,1,14,76,1,14,NA,0,0,0,0,0,1,0.00234192037470831,76
1191,"CASSLSGGIAKNIQYF",11,7.24132029017945e-05,1,16,78,1,16,NA,0,0,0,0,0,1,0.00234192037470831,78
1201,"CASSLSREGATQYF",1,6.58301844561768e-06,1,14,76,1,14,NA,0,0,0,0,0,1,0.00234192037470652,76
1207,"CASSLSSYEQYF",22,0.000144826405803589,1,12,4,3,12,0.333333333333333,6.55172489765579e-15,8.91625719154662e-15,4,4,0,2,0.00337955406733662,4
1209,"CASSLSVGIAKNIQYF",1,6.58301844561768e-06,1,16,78,1,16,NA,0,0,0,0,0,1,0.00234192037470652,78
1211,"CASSLTASGRGEQSF",1,6.58301844561768e-06,1,15,47,1,15,NA,0,0,0,0,0,1,0.00234192037470831,47
1212,"CASSLTASGRGEQYF",1,6.58301844561768e-06,1,15,47,1,15,NA,0,0,0,0,0,1,0.00234192037470652,47
1215,"CASSLTGAYEQYF",1,6.58301844561768e-06,1,13,1,2,13,0,3.69458170920439e-17,0,2,2,0,1,0.00304038785488232,1
1225,"CASSLTGSYEQYF",3,1.97490553368531e-05,1,13,1,1,13,NA,6.15763618200732e-18,1.06219224139626e-16,0,0,0,1,0.00164345289453026,1
1227,"CASSLTNRGNEQFF",16,0.000105328295129883,1,14,65,1,14,NA,0,0,0,0,0,1,0.00234192037470831,65
1228,"CASSLTNTEAFF",4,2.63320737824707e-05,1,12,92,1,12,NA,0,0,0,0,0,1,0.00234192037470652,92
1230,"CASSLTQNQPQHF",1,6.58301844561768e-06,1,13,83,1,13,NA,0,0,0,0,0,1,0.00234192037470831,83
1233,"CASSLTSGSRYEQYF",1,6.58301844561768e-06,1,15,82,1,15,NA,0,0,0,0,0,1,0.00234192037470831,82
1234,"CASSLTSGSSYEQYF",3,1.97490553368531e-05,1,15,82,1,15,NA,0,0,0,0,0,1,0.00234192037470652,82
1237,"CASSLTVNQPQHF",1,6.58301844561768e-06,1,13,83,1,13,NA,0,0,0,0,0,1,0.00234192037470652,83
1240,"CASSLVASGS*STDTQYF",7,4.60811291193238e-05,1,18,111,1,18,NA,0,0,0,0,0,1,0.00234192037470652,111
1279,"CASSLYYT_TSSYEQYF",15,9.87452766842653e-05,1,17,84,1,17,NA,0,0,0,0,0,1,0.00234192037470652,84
1285,"CASSMGLAGHGDTQYF",9,5.92471660105592e-05,1,16,137,1,16,NA,0,0,0,0,0,1,0.00234192037470652,137
1291,"CASSMNAAGESYGYTF",19,0.000125077350466736,1,16,85,1,16,NA,0,0,0,0,0,1,0.00234192037470831,85
1292,"CASSMNAARESYGYTF",1,6.58301844561768e-06,1,16,85,1,16,NA,0,0,0,0,0,1,0.00234192037470652,85
1296,"CASSMRTGREQYF",1,6.58301844561768e-06,1,13,8,2,13,1,6.40394162928762e-16,9.85221789121173e-16,0,0,0,2,0.00230377347623577,8
1298,"CASSNGAGTSNYGYTF",14,9.21622582386476e-05,1,16,68,1,16,NA,0,0,0,0,0,1,0.00234192037470831,68
1299,"CASSNGSGTSNYGYTF",1,6.58301844561768e-06,1,16,68,1,16,NA,0,0,0,0,0,1,0.00234192037470652,68
1309,"CASSP",1,6.58301844561768e-06,1,5,125,1,5,NA,0,0,0,0,0,1,0.00234192037470831,125
1313,"CASSPARDSSYEQYF",12,7.89962213474122e-05,1,15,88,1,15,NA,0,0,0,0,0,1,0.00234192037470831,88
1314,"CASSPARDSSYEQYL",1,6.58301844561768e-06,1,15,88,1,15,NA,0,0,0,0,0,1,0.00234192037470652,88
1315,"CASSPARLAGSTDTQYF",9,5.92471660105592e-05,1,17,89,1,17,NA,0,0,0,0,0,1,0.00234192037470831,89
1316,"CASSPARLAGSTETQYF",1,6.58301844561768e-06,1,17,89,1,17,NA,0,0,0,0,0,1,0.00234192037470652,89
1320,"CASSPDGRNQPQHF",4,2.63320737824707e-05,1,14,98,1,14,NA,0,0,0,0,0,1,0.00234192037470831,98
1322,"CASSPDRGYGYSF",1,6.58301844561768e-06,1,13,91,1,13,NA,0,0,0,0,0,1,0.00234192037470831,91
1323,"CASSPDRGYGYTF",10,6.58301844561769e-05,1,13,91,1,13,NA,0,0,0,0,0,1,0.00234192037470652,91
1326,"CASSPDSSGNTIYF",16,0.000105328295129883,1,14,62,1,14,NA,0,0,0,0,0,1,0.00234192037470831,62
1342,"CASSPGGGSYNEQFF",1,6.58301844561768e-06,1,15,66,1,15,NA,0,0,0,0,0,1,0.00234192037470831,66
1345,"CASSPGGNYGYTF",17,0.000111911313575501,1,13,94,1,13,NA,0,0,0,0,0,1,0.00234192037470831,94
1350,"CASSPGHNRGETKYF",1,6.58301844561768e-06,1,15,29,1,15,NA,0,0,0,0,0,1,0.00234192037470831,29
1351,"CASSPGHNRGETQYF",13,8.55792397930299e-05,1,15,29,1,15,NA,0,0,0,0,0,1,0.00234192037470652,29
1364,"CASSPGQNYGYTF",1,6.58301844561768e-06,1,13,94,1,13,NA,0,0,0,0,0,1,0.00234192037470652,94
1371,"CASSPGTEETQYF",44,0.000289652811607178,1,13,6,2,13,1,2.46305447280293e-17,1.97044357824235e-16,0,0,0,2,0.00234192037470473,6
1378,"CASSPGTSGRNEQFF",2,1.31660368912354e-05,1,15,32,1,15,NA,0,0,0,0,0,1,0.00234192037470831,32
1379,"CASSPGTSGYNEQFF",13,8.55792397930299e-05,3,15,32,1,15,NA,0,0,0,0,0,1,0.00234192037470652,32
1383,"CASSPHGSGRSYEQYF",15,9.87452766842653e-05,1,16,96,1,16,NA,0,0,0,0,0,1,0.00234192037470831,96
1386,"CASSPHPTEQDYTF",13,8.55792397930299e-05,1,14,93,1,14,NA,0,0,0,0,0,1,0.00234192037470831,93
1387,"CASSPHPTERDYTF",1,6.58301844561768e-06,1,14,93,1,14,NA,0,0,0,0,0,1,0.00234192037470652,93
1389,"CASSPHVSGRSYEQYF",1,6.58301844561768e-06,1,16,96,1,16,NA,0,0,0,0,0,1,0.00234192037470652,96
1400,"CASSPLGRNQPQHF",8,5.26641475649415e-05,1,14,98,1,14,NA,0,0,0,0,0,1,0.00234192037470652,98
1422,"CASSPPSSGNTIYF",8,5.26641475649415e-05,1,14,62,1,14,NA,0,0,0,0,0,1,0.00234192037470652,62
1437,"CASSPQRDEQFF",20,0.000131660368912354,1,12,117,1,12,NA,0,0,0,0,0,1,0.00234192037470652,117
1438,"CASSPQREVTDTQYF",18,0.000118494332021118,1,15,100,1,15,NA,0,0,0,0,0,1,0.00234192037470831,100
1439,"CASSPQREVTDTQYL",1,6.58301844561768e-06,1,15,100,1,15,NA,0,0,0,0,0,1,0.00234192037470652,100
1450,"CASSPRGGSYNEQFF",1,6.58301844561768e-06,1,15,66,1,15,NA,0,0,0,0,0,1,0.00234192037470652,66
1451,"CASSPRGQAGYQETQYF",8,5.26641475649415e-05,1,17,129,1,17,NA,0,0,0,0,0,1,0.00234192037470831,129
1462,"CASSPRQGFGYTF",1,6.58301844561768e-06,1,13,140,1,13,NA,0,0,0,0,0,1,0.00234192037470831,140
1466,"CASSPRRSVLPYEQYF",11,7.24132029017945e-05,1,16,102,1,16,NA,0,0,0,0,0,1,0.00234192037470831,102
1467,"CASSPRRSVLPYEQYY",1,6.58301844561768e-06,1,16,102,1,16,NA,0,0,0,0,0,1,0.00234192037470652,102
1470,"CASSPRTDSYEQYF",18,0.000118494332021118,1,14,103,1,14,NA,0,0,0,0,0,1,0.00234192037470831,103
1471,"CASSPRTESYEQYF",8,5.26641475649415e-05,1,14,103,1,14,NA,0,0,0,0,0,1,0.00234192037470652,103
1482,"CASSPSGGDEQFF",1,6.58301844561768e-06,1,13,5,3,13,0.333333333333333,0.884153322418688,0.884153322418689,2,2,0.884153322418687,2,0.00289529946377088,5
1483,"CASSPSGGDEQYF",26,0.00017115847958606,2,13,5,2,13,0,0.573045504952706,0.573045504952706,0.5,0.5,0.573045504952706,2,0.0020411079703862,5
1518,"CASSPTSGRYEQYF",113,0.000743881084354798,1,14,165,1,14,NA,0,0,0,0,0,1,0.00234192037470831,165
1520,"CASSPTSGVLNEQFF",1,6.58301844561768e-06,1,15,139,1,15,NA,0,0,0,0,0,1,0.00234192037470831,139
1535,"CASSQAGERSPLHF",15,9.87452766842653e-05,1,14,20,2,14,0,1.30849768867656e-17,3.38669990010403e-17,1,1,0,1,0.00341793784416806,20
1536,"CASSQAGGRSPLHF",1,6.58301844561768e-06,1,14,20,1,14,NA,7.00431115703333e-17,1.69334995005202e-17,0,0,0,1,0.00180391163997664,20
1541,"CASSQARERSPLHF",1,6.58301844561768e-06,1,14,20,1,14,NA,8.31280884570989e-17,1.38546814095165e-17,0,0,0,1,0.00180391163997664,20
1553,"CASSQDLGTGGAGGYTF",1,6.58301844561768e-06,1,17,16,2,17,0,3.84852261375458e-17,0,1,1,0,1,0.00341793784416806,16
1554,"CASSQDLGTGGASGYTF",1,6.58301844561768e-06,1,17,16,1,17,NA,9.46736562983626e-17,9.236454273011e-18,0,0,0,1,0.00180391163997664,16
1567,"CASSQDTGTGGAGGYTF",3,1.97490553368531e-05,1,17,16,1,17,NA,9.00554291618571e-17,3.61761125692931e-17,0,0,0,1,0.00180391163997664,16
1570,"CASSQDYNEQFF",4,2.63320737824707e-05,1,12,194,1,12,NA,0,0,0,0,0,1,0.00234192037470831,194
1595,"CASSQGLAVNTGELFF",6,3.94981106737061e-05,1,16,181,1,16,NA,0,0,0,0,0,1,0.00234192037470652,181
1615,"CASSQPGDDEQFF",1,6.58301844561768e-06,1,13,179,1,13,NA,0,0,0,0,0,1,0.00234192037470831,179
1616,"CASSQPGGDEQFF",9,5.92471660105592e-05,1,13,179,1,13,NA,0,0,0,0,0,1,0.00234192037470652,179
1621,"CASSQRTGREQFF",1,6.58301844561768e-06,1,13,8,1,13,NA,4.31034532740513e-16,4.43349805104528e-16,0,0,0,1,0.0013246697488346,8
1622,"CASSQRTGREQYF",380,0.00250154700933472,1,13,8,3,13,0.333333333333333,7.1428579711285e-16,1.10837451276132e-15,2,2,0,2,0.00343546479751432,8
1644,"CASSQWQTAYSGNTIYF",7,4.60811291193238e-05,1,17,10,2,17,0,1.77032040232711e-17,1.92426130687729e-17,1,1,0,1,0.00341793784416806,10
1645,"CASSQWQTAYSGNTVYF",2,1.31660368912354e-05,1,17,10,1,17,NA,9.0825133684608e-17,1.30849768867656e-17,0,0,0,1,0.00180391163997664,10
1646,"CASSQWQTVYSGNTIYF",1,6.58301844561768e-06,1,17,10,1,17,NA,8.31280884570989e-17,2.84790673417839e-17,0,0,0,1,0.00180391163997664,10
1651,"CASSR*LAGLAKNIQYF",13,8.55792397930299e-05,1,17,170,1,17,NA,0,0,0,0,0,1,0.00234192037470831,170
1652,"CASSR*LAWLAKNIQYF",1,6.58301844561768e-06,1,17,170,1,17,NA,0,0,0,0,0,1,0.00234192037470652,170
1661,"CASSRDRLASG_ELSGANVLTF",5,3.29150922280884e-05,1,22,167,1,22,NA,0,0,0,0,0,1,0.00234192037470831,167
1662,"CASSRDRLASG_ELSGANVLTS",1,6.58301844561768e-06,1,22,167,1,22,NA,0,0,0,0,0,1,0.00234192037470652,167
1663,"CASSRDRSSYEQYF",17,0.000111911313575501,1,14,158,1,14,NA,0,0,0,0,0,1,0.00234192037470831,158
1665,"CASSRG*GAVIEHF",2,1.31660368912354e-05,1,14,151,1,14,NA,0,0,0,0,0,1,0.00234192037470831,151
1672,"CASSRGQGAVIEHF",15,9.87452766842653e-05,1,14,151,1,14,NA,0,0,0,0,0,1,0.00234192037470652,151
1674,"CASSRGRDEKLFF",17,0.000111911313575501,1,13,143,1,13,NA,0,0,0,0,0,1,0.00234192037470831,143
1679,"CASSRKGETTGEQYF",21,0.000138243387357971,1,15,193,1,15,NA,0,0,0,0,0,1,0.00234192037470652,193
1693,"CASSRPGSYEQYF",5,3.29150922280884e-05,1,13,11,1,13,NA,5.92672482518205e-17,3.15578854327876e-17,0,0,0,1,0.00180391163997881,11
1700,"CASSRQGRTDTQYF",2205,0.014515555672587,1,14,9,1,14,NA,8.77463155936044e-17,0,0,0,0,1,0.00180391163997881,9
1701,"CASSRQGSYEQYF",2,1.31660368912354e-05,1,13,11,2,13,0,1.53940904550183e-18,4.77216804105568e-17,1,1,0,1,0.00341793784416717,11
1707,"CASSRRGKETQYF",1,6.58301844561768e-06,1,13,13,1,13,NA,8.92857246391062e-17,9.236454273011e-18,0,0,0,1,0.00180391163997881,13
1712,"CASSRRQGFGYTF",66,0.000434479217410767,1,13,140,1,13,NA,0,0,0,0,0,1,0.00234192037470652,140
1732,"CASSRTSGVLNEQFF",18,0.000118494332021118,1,15,139,1,15,NA,0,0,0,0,0,1,0.00234192037470652,139
1744,"CASSS",1,6.58301844561768e-06,1,5,125,1,5,NA,0,0,0,0,0,1,0.00234192037470652,125
1754,"CASSSEGGNEQFF",4,2.63320737824707e-05,1,13,124,1,13,NA,0,0,0,0,0,1,0.00234192037470652,124
1756,"CASSSETGFNYGYTF",1,6.58301844561768e-06,1,15,26,1,15,NA,8.46674975026007e-17,4.54125668423041e-17,0,0,0,1,0.00180391163997612,26
1763,"CASSSG_TGELFF",1,6.58301844561768e-06,1,13,122,1,13,NA,0,0,0,0,0,1,0.00234192037470831,122
1766,"CASSSGASENTIYF",1,6.58301844561768e-06,1,14,120,1,14,NA,0,0,0,0,0,1,0.00234192037470831,120
1767,"CASSSGASGNTIYF",14,9.21622582386476e-05,1,14,120,1,14,NA,0,0,0,0,0,1,0.00234192037470652,120
1790,"CASSSGTEETQYF",1,6.58301844561768e-06,1,13,6,2,13,1,0,2.21674902552264e-16,0,0,0,2,0.00234192037470318,6
1803,"CASSSGVTGELFF",15,9.87452766842653e-05,2,13,122,1,13,NA,0,0,0,0,0,1,0.00234192037470652,122
1804,"CASSSGYQETQYF",19,0.000125077350466736,1,13,115,1,13,NA,0,0,0,0,0,1,0.00234192037470652,115
1814,"CASSSLAGGDYEQYF",7,4.60811291193238e-05,1,15,123,1,15,NA,0,0,0,0,0,1,0.00234192037470652,123
1824,"CASSSMANW*FF",2,1.31660368912354e-05,1,12,126,1,12,NA,0,0,0,0,0,1,0.00234192037470831,126
1825,"CASSSMANWQFF",22,0.000144826405803589,1,12,126,1,12,NA,0,0,0,0,0,1,0.00234192037470652,126
1838,"CASSSQVGQGVFQPQHF",5,3.29150922280884e-05,1,17,113,1,17,NA,0,0,0,0,0,1,0.00234192037470831,113
1839,"CASSSQVGQGVFQPQYF",1,6.58301844561768e-06,1,17,113,1,17,NA,0,0,0,0,0,1,0.00234192037470652,113
1840,"CASSSRG_GETQYF",2,1.31660368912354e-05,1,14,128,1,14,NA,0,0,0,0,0,1,0.00234192037470831,128
1842,"CASSSRGGGETQYF",1,6.58301844561768e-06,1,14,128,1,14,NA,0,0,0,0,0,1,0.00234192037470652,128
1845,"CASSSRGQAGYQETQYF",1,6.58301844561768e-06,1,17,129,1,17,NA,0,0,0,0,0,1,0.00234192037470652,129
1865,"CASSSSSYEQYF",1,6.58301844561768e-06,1,12,4,1,12,NA,2.68472937535519e-15,3.66995116447637e-15,0,0,1.47783268368176e-16,1,0.00130882837528421,4
1868,"CASSSSVGYTF",23,0.000151409424249207,1,11,130,1,11,NA,0,0,0,0,0,1,0.00234192037470831,130
1900,"CASSTGEEKLFF",1,6.58301844561768e-06,1,12,105,1,12,NA,0,0,0,0,0,1,0.00234192037470652,105
1901,"CASSTGFTSGSYEQYF",15,9.87452766842653e-05,1,16,131,1,16,NA,0,0,0,0,0,1,0.00234192037470831,131
1902,"CASSTGFTSRSYEQYF",1,6.58301844561768e-06,1,16,131,1,16,NA,0,0,0,0,0,1,0.00234192037470652,131
1909,"CASSTGRSGSTNEKLFF",7,4.60811291193238e-05,1,17,108,1,17,NA,0,0,0,0,0,1,0.00234192037470831,108
1910,"CASSTGRSGSTNENLFF",1,6.58301844561768e-06,1,17,108,1,17,NA,0,0,0,0,0,1,0.00234192037470652,108
1916,"CASSTLLEYQETQYF",14,9.21622582386476e-05,1,15,188,1,15,NA,0,0,0,0,0,1,0.00234192037470831,188
1923,"CASSTQGAGADTQYF",1,6.58301844561768e-06,1,15,134,1,15,NA,0,0,0,0,0,1,0.00234192037470831,134
1924,"CASSTQGAGAETQYF",1,6.58301844561768e-06,1,15,134,1,15,NA,0,0,0,0,0,1,0.00234192037470652,134
1935,"CASSTSGGDEQFF",3,1.97490553368531e-05,1,13,5,2,13,1,0.724932989557025,0.724932989557026,0,0,0.724932989557025,2,0.00199871117503275,5
1946,"CASSTVNEPFF",1,6.58301844561768e-06,1,11,135,1,11,NA,0,0,0,0,0,1,0.00234192037470831,135
1947,"CASSTVNEQFF",28,0.000184324516477295,1,11,135,1,11,NA,0,0,0,0,0,1,0.00234192037470652,135
2013,"CASSYDGDDEQYF",1,6.58301844561768e-06,1,13,136,1,13,NA,0,0,0,0,0,1,0.00234192037470831,136
2016,"CASSYDRDDEQYF",14,9.21622582386476e-05,1,13,136,1,13,NA,0,0,0,0,0,1,0.00234192037470652,136
2018,"CASSYDRSSYEQYF",1,6.58301844561768e-06,1,14,158,1,14,NA,0,0,0,0,0,1,0.00234192037470652,158
2022,"CASSYFTGIRRTGELFF",1,6.58301844561768e-06,1,17,138,1,17,NA,0,0,0,0,0,1,0.00234192037470831,138
2023,"CASSYFTGTRRTGELFF",7,4.60811291193238e-05,1,17,138,1,17,NA,0,0,0,0,0,1,0.00234192037470652,138
2026,"CASSYGGHEQYF",2,1.31660368912354e-05,1,12,146,1,12,NA,0,0,0,0,0,1,0.00234192037470831,146
2035,"CASSYGYEQYF",34,0.000223822627151001,1,11,18,1,11,NA,8.38977929798498e-17,1.30849768867656e-17,0,0,0,1,0.00180391163997881,18
2045,"CASSYLGKETQYF",1,6.58301844561768e-06,1,13,13,1,13,NA,7.85098613205934e-17,0,0,0,0,1,0.00180391163997612,13
2047,"CASSYLGPTDTQYF",1,6.58301844561768e-06,1,14,144,1,14,NA,0,0,0,0,0,1,0.00234192037470831,144
2067,"CASSYQDRGTSNTEAFF",13,8.55792397930299e-05,1,17,77,1,17,NA,0,0,0,0,0,1,0.00234192037470831,77
2069,"CASSYQDRRTSNTEAFF",1,6.58301844561768e-06,1,17,77,1,17,NA,0,0,0,0,0,1,0.00234192037470652,77
2078,"CASSYRGGDEQFF",1,6.58301844561768e-06,1,13,5,1,13,NA,0.384752653051838,0.384752653051839,0,0,0.384752653051838,1,0.00117837632696593,5
2080,"CASSYRGHLTGELFF",1,6.58301844561768e-06,1,15,142,1,15,NA,0,0,0,0,0,1,0.00234192037470652,142
2081,"CASSYRGKETQYF",17,0.000111911313575501,1,13,13,2,13,0,9.23645427301099e-18,3.00184763872857e-17,1,1,0,1,0.00341793784416717,13
2098,"CASSYSGGDEQFF",5510,0.0362724316353534,1,13,5,4,13,0.166666666666667,1,1,5.5,5.5,1,2,0.00389218009769437,5
2100,"CASSYSGGDEQYF",1,6.58301844561768e-06,1,13,5,2,13,0,0.605233431401822,0.605233431401823,1,1,0.605233431401822,2,0.00204584721438026,5
2110,"CASSYSGPTDTQYF",13,8.55792397930299e-05,1,14,144,1,14,NA,0,0,0,0,0,1,0.00234192037470652,144
2112,"CASSYSGQGVKNIQYF",7,4.60811291193238e-05,1,16,145,1,16,NA,0,0,0,0,0,1,0.00234192037470831,145
2133,"CASSYSRQGVKNIQYF",1,6.58301844561768e-06,1,16,145,1,16,NA,0,0,0,0,0,1,0.00234192037470652,145
2142,"CASSYSYEQYF",29,0.000190907534922913,1,11,18,2,11,0,3.46367035237912e-17,0,1,1,0,1,0.00341793784416717,18
2161,"CASSYWGHEQYF",1,6.58301844561768e-06,1,12,146,1,12,NA,0,0,0,0,0,1,0.00234192037470652,146
2166,"CASTEQG_VCEQYF",1,6.58301844561768e-06,1,14,22,1,14,NA,7.23522251385861e-17,3.07881809100367e-17,0,0,0,1,0.00180391163997881,22
2167,"CASTEQG_VYEQFF",1,6.58301844561768e-06,1,14,22,1,14,NA,8.2358383934348e-17,2.69396582962821e-17,0,0,0,1,0.00180391163997612,22
2168,"CASTEQG_VYEQYF",21,0.000138243387357971,1,14,22,2,14,0,1.53940904550183e-17,5.77278392063187e-17,1,1,0,1,0.00341793784416717,22
2175,"CASTGSYNEQFF",21,0.000138243387357971,1,12,12,2,12,0,1.00061587957619e-17,1.69334995005202e-17,1,1,0,1,0.00341793784416717,12
2176,"CASTGSYSEQFF",1,6.58301844561768e-06,1,12,12,1,12,NA,7.08128160930842e-17,2.30911356825275e-17,0,0,0,1,0.00180391163997612,12
2180,"CASTILRAEKLFF",4,2.63320737824707e-05,1,13,118,1,13,NA,0,0,0,0,0,1,0.00234192037470831,118
2181,"CASTILRAEKLFL",1,6.58301844561768e-06,1,13,118,1,13,NA,0,0,0,0,0,1,0.00234192037470652,118
2184,"CASTKLAATYNEQFF",16,0.000105328295129883,1,15,25,2,15,0,2.15517266370256e-17,4.6182271365055e-18,1,1,0,1,0.00341793784416717,25
2185,"CASTKLAATYNEQYF",1,6.58301844561768e-06,1,15,25,1,15,NA,7.85098613205934e-17,2.61699537735312e-17,0,0,0,1,0.00180391163997612,25
2186,"CASTKRPG_SGGELFF",1,6.58301844561768e-06,1,16,147,1,16,NA,0,0,0,0,0,1,0.00234192037470831,147
2188,"CASTKRPGGSGGELFF",18,0.000118494332021118,1,16,147,1,16,NA,0,0,0,0,0,1,0.00234192037470652,147
2191,"CASTLDIVYNEKFF",1,6.58301844561768e-06,1,14,152,1,14,NA,0,0,0,0,0,1,0.00234192037470831,152
2192,"CASTLDIVYNEQFF",13,8.55792397930299e-05,1,14,152,1,14,NA,0,0,0,0,0,1,0.00234192037470652,152
2228,"CASTRQGSYEQYF",1,6.58301844561768e-06,1,13,11,1,13,NA,5.77278392063187e-17,2.46305447280293e-17,0,0,0,1,0.00180391163997612,11
2232,"CASTRWGLASGEQFF",1,6.58301844561768e-06,1,15,154,1,15,NA,0,0,0,0,0,1,0.00234192037470831,154
2233,"CASTRWRLASGEQFF",1,6.58301844561768e-06,1,15,154,1,15,NA,0,0,0,0,0,1,0.00234192037470652,154
2237,"CASTSEGWRNNEQFF",1,6.58301844561768e-06,1,15,155,1,15,NA,0,0,0,0,0,1,0.00234192037470831,155
2238,"CASTSEGWRYNEQFF",7,4.60811291193238e-05,1,15,155,1,15,NA,0,0,0,0,0,1,0.00234192037470652,155
2250,"CASTTG_GEKLFF",3,1.97490553368531e-05,1,13,156,1,13,NA,0,0,0,0,0,1,0.00234192037470831,156
2251,"CASTTGGGEKLFF",37,0.000243571682487854,1,13,156,1,13,NA,0,0,0,0,0,1,0.00234192037470652,156
2272,"CATAQGENQPQHF",8,5.26641475649415e-05,2,13,157,1,13,NA,0,0,0,0,0,1,0.00234192037470831,157
2273,"CATAQGSNQPQHF",5,3.29150922280884e-05,1,13,157,1,13,NA,0,0,0,0,0,1,0.00234192037470652,157
2281,"CATGSRQG_VADTQYF",1,6.58301844561768e-06,1,16,168,1,16,NA,0,0,0,0,0,1,0.00234192037470831,168
2290,"CATQAGVDEQFF",10,6.58301844561769e-05,2,12,99,1,12,NA,0,0,0,0,0,1,0.00234192037470831,99
2291,"CATQAGVDEQYF",1,6.58301844561768e-06,1,12,99,1,12,NA,0,0,0,0,0,1,0.00234192037470652,99
2296,"CATRGQGRTDTHYF",1,6.58301844561768e-06,1,14,159,1,14,NA,0,0,0,0,0,1,0.00234192037470831,159
2297,"CATRGQGRTDTQYF",12,7.89962213474122e-05,1,14,159,1,14,NA,0,0,0,0,0,1,0.00234192037470652,159
2306,"CATSADSSNQPQHF",2,1.31660368912354e-05,1,14,162,1,14,NA,0,0,0,0,0,1,0.00234192037470831,162
2313,"CATSDFYRG_NSGANVLTF",4,2.63320737824707e-05,1,19,161,1,19,NA,0,0,0,0,0,1,0.00234192037470831,161
2314,"CATSDFYRG_NSGANVLTS",1,6.58301844561768e-06,1,19,161,1,19,NA,0,0,0,0,0,1,0.00234192037470652,161
2336,"CATSDRWD*_GLQETQYF",14,9.21622582386476e-05,1,18,160,1,18,NA,0,0,0,0,0,1,0.00234192037470652,160
2344,"CATSEGAGDEKLFF",55,0.000362066014508973,1,14,79,1,14,NA,0,0,0,0,0,1,0.00234192037470831,79
2345,"CATSEGAGEEKLFF",3,1.97490553368531e-05,1,14,79,1,14,NA,0,0,0,0,0,1,0.00234192037470652,79
2351,"CATSGNRGGRETQYF",12,7.89962213474122e-05,1,15,72,1,15,NA,0,0,0,0,0,1,0.00234192037470652,72
2357,"CATSGRQGSMDEQYF",1,6.58301844561768e-06,1,15,148,1,15,NA,0,0,0,0,0,1,0.00234192037470831,148
2358,"CATSGRQGSVDEQYF",18,0.000118494332021118,1,15,148,1,15,NA,0,0,0,0,0,1,0.00234192037470652,148
2364,"CATSLAGSNQPQHF",8,5.26641475649415e-05,1,14,166,1,14,NA,0,0,0,0,0,1,0.00234192037470831,166
2375,"CATSPTSGRYEQYF",1,6.58301844561768e-06,1,14,165,1,14,NA,0,0,0,0,0,1,0.00234192037470652,165
2379,"CATSRAGTFYDEQYF",29,0.000190907534922913,1,15,75,1,15,NA,0,0,0,0,0,1,0.00234192037470831,75
2387,"CATSRDLGAAEQYF",17,0.000111911313575501,1,14,191,1,14,NA,0,0,0,0,0,1,0.00234192037470652,191
2397,"CATSRDSSNQPQHF",6,3.94981106737061e-05,1,14,162,1,14,NA,0,0,0,0,0,1,0.00234192037470652,162
2408,"CATSRESG_QQGEQFF",6,3.94981106737061e-05,1,16,15,2,16,0,0,4.6182271365055e-18,1,1,0,1,0.00341793784416806,15
2411,"CATSREVG_QQGEQFF",1,6.58301844561768e-06,1,16,15,1,16,NA,6.85037025248315e-17,3.00184763872857e-17,0,0,0,1,0.00180391163997664,15
2431,"CATSRQGGTDTQYF",122,0.000803128250365358,1,14,9,1,14,NA,6.31157708655751e-17,6.92734070475825e-18,0,0,0,1,0.00180391163997612,9
2432,"CATSRQGRTDTQYF",2,1.31660368912354e-05,1,14,9,2,14,0,6.15763618200732e-18,2.00123175915238e-17,1,1,0,1,0.00341793784416717,9
2434,"CATSRSGTFYDEQYF",1,6.58301844561768e-06,1,15,75,1,15,NA,0,0,0,0,0,1,0.00234192037470652,75
2446,"CATSSRQG_VADTQYF",15,9.87452766842653e-05,1,16,168,1,16,NA,0,0,0,0,0,1,0.00234192037470652,168
2449,"CATSTGLQTDTQYF",17,0.000111911313575501,1,14,183,1,14,NA,0,0,0,0,0,1,0.00234192037470652,183
2476,"CAWSAGG_SYGYTF",1,6.58301844561768e-06,1,14,171,1,14,NA,0,0,0,0,0,1,0.00234192037470831,171
2477,"CAWSAGGGSYGYTF",4,2.63320737824707e-05,1,14,171,1,14,NA,0,0,0,0,0,1,0.00234192037470652,171
2485,"CAWSHGQGFGYTF",1,6.58301844561768e-06,1,13,172,1,13,NA,0,0,0,0,0,1,0.00234192037470831,172
2486,"CAWSHGQGYGYTF",31,0.000204073571814148,1,13,172,1,13,NA,0,0,0,0,0,1,0.00234192037470652,172
2521,"CDSGKGLSSSGNTIYF",1,6.58301844561768e-06,1,16,59,1,16,NA,0,0,0,0,0,1,0.00234192037470652,59
2522,"CDSSFRGQGPNEQFF",1,6.58301844561768e-06,1,15,173,1,15,NA,0,0,0,0,0,1,0.00234192037470652,173
2524,"CGSSLDRDSYSYNEQFF",1,6.58301844561768e-06,1,17,163,1,17,NA,0,0,0,0,0,1,0.00234192037470652,163
2525,"CGSSLTNRGNEQFF",1,6.58301844561768e-06,1,14,65,1,14,NA,0,0,0,0,0,1,0.00234192037470652,65
2534,"CISVPEAEG_GDRYEQYF",1,6.58301844561768e-06,1,18,175,1,18,NA,0,0,0,0,0,1,0.00234192037470831,175
2538,"CISVSEAEG_GDRYEQYF",2,1.31660368912354e-05,1,18,175,1,18,NA,0,0,0,0,0,1,0.00234192037470652,175
2541,"CP*TGGV_V*ETQYF",1,6.58301844561768e-06,1,15,176,1,15,NA,0,0,0,0,0,1,0.00234192037470831,176
2542,"CP*TGGV_VQETQYF",12,7.89962213474122e-05,1,15,176,1,15,NA,0,0,0,0,0,1,0.00234192037470652,176
2547,"CSAASGAGT*AFF",1,6.58301844561768e-06,1,13,174,1,13,NA,0,0,0,0,0,1,0.00234192037470831,174
2548,"CSAASGAGTEAFF",18,0.000118494332021118,2,13,174,1,13,NA,0,0,0,0,0,1,0.00234192037470652,174
2662,"CSARGG_RNEQYF",1,6.58301844561768e-06,1,13,44,1,13,NA,0,0,0,0,0,1,0.00234192037470831,44
2664,"CSARGGDRNEQYF",24,0.000157992442694824,1,13,44,1,13,NA,0,0,0,0,0,1,0.00234192037470652,44
2675,"CSARGTSGRAQSYEQYF",6,3.94981106737061e-05,1,17,178,1,17,NA,0,0,0,0,0,1,0.00234192037470831,178
2676,"CSARGTSGRGQSYEQYF",1,6.58301844561768e-06,1,17,178,1,17,NA,0,0,0,0,0,1,0.00234192037470652,178
2770,"CSSNDGASGTMVTQYF",1,6.58301844561768e-06,1,16,80,1,16,NA,0,0,0,0,0,1,0.00234192037470652,80
2781,"CSVDSEGGNTIYF",60,0.000394981106737061,1,13,180,1,13,NA,0,0,0,0,0,1,0.00234192037470831,180
2782,"CSVDSEGRNTIYF",1,6.58301844561768e-06,1,13,180,1,13,NA,0,0,0,0,0,1,0.00234192037470652,180
2792,"CSVEGLA_SSYEQYF",113,0.000743881084354798,1,15,17,2,15,0,4.61822713650549e-18,2.84790673417839e-17,1,1,0,1,0.00341793784416806,17
2793,"CSVEGLAG_NTGELFF",1,6.58301844561768e-06,1,16,23,1,16,NA,6.69642934793297e-17,1.69334995005202e-17,0,0,0,1,0.00180391163997881,23
2794,"CSVEGLAGNNEQFF",81,0.000533224494095032,1,14,184,1,14,NA,0,0,0,0,0,1,0.00234192037470831,184
2798,"CSVEGVA_SSYEQYF",1,6.58301844561768e-06,1,15,17,1,15,NA,7.85098613205934e-17,1.23152723640147e-17,0,0,0,1,0.00180391163997664,17
2799,"CSVEGVAG_DTGELFF",3,1.97490553368531e-05,1,16,23,1,16,NA,8.31280884570989e-17,2.46305447280293e-17,0,0,0,1,0.00180391163997612,23
2800,"CSVEGVAG_NTGELFF",1,6.58301844561768e-06,1,16,23,2,16,0,8.46674975026007e-18,0,1,1,0,1,0.00341793784416717,23
2804,"CSVEGVAGNNEQFF",1,6.58301844561768e-06,1,14,184,1,14,NA,0,0,0,0,0,1,0.00234192037470652,184
2845,"CSVRTGGDEQYF",1,6.58301844561768e-06,1,12,185,1,12,NA,0,0,0,0,0,1,0.00234192037470831,185
2846,"CSVRTGGYEQYF",266,0.0017510829065343,1,12,185,1,12,NA,0,0,0,0,0,1,0.00234192037470652,185
2852,"CSVSGGNEQFF",138,0.00090845654549524,1,11,114,1,11,NA,0,0,0,0,0,1,0.00234192037470831,114
2853,"CSVSGGWQETQFF",1,6.58301844561768e-06,1,13,186,1,13,NA,0,0,0,0,0,1,0.00234192037470831,186
2854,"CSVSGGWQETQYF",24,0.000157992442694824,1,13,186,1,13,NA,0,0,0,0,0,1,0.00234192037470652,186
2863,"CSVVGLA_SSYEQYF",1,6.58301844561768e-06,1,15,17,1,15,NA,6.08066572973223e-17,3.38669990010403e-17,0,0,0,1,0.00180391163997664,17
2886,"CTIMKGEHDSYNEQFF",1,6.58301844561768e-06,1,16,133,1,16,NA,0,0,0,0,0,1,0.00234192037470652,133
2887,"CTSSTLLEYQETQYF",1,6.58301844561768e-06,1,15,188,1,15,NA,0,0,0,0,0,1,0.00234192037470652,188
2888,"CTTSRESG_QQGEQFF",1,6.58301844561768e-06,1,16,15,1,16,NA,7.62007477523406e-17,3.23275899555385e-17,0,0,0,1,0.00180391163997664,15
2891,"CVSSLQREREASIKWEFF",1,6.58301844561768e-06,1,18,189,1,18,NA,0,0,0,0,0,1,0.00234192037470652,189
2892,"CVSSRGRDEKLFF",1,6.58301844561768e-06,1,13,143,1,13,NA,0,0,0,0,0,1,0.00234192037470652,143
2893,"FASSLQGAREKLFF",1,6.58301844561768e-06,1,14,190,1,14,NA,0,0,0,0,0,1,0.00234192037470652,190
2894,"FATSLAGSNQPQHF",1,6.58301844561768e-06,1,14,166,1,14,NA,0,0,0,0,0,1,0.00234192037470652,166
2895,"RAPAGG_DTQYF",71,0.000467394309638856,1,12,86,1,12,NA,0,0,0,0,0,1,0.00234192037470652,86
2896,"RASRDTGDGGAEQYF",1,6.58301844561768e-06,1,15,21,1,15,NA,8.69766110708535e-17,4.31034532740513e-17,0,0,0,1,0.00180391163997664,21
2897,"RASRRGQVQETQYF",1,6.58301844561768e-06,1,14,192,1,14,NA,0,0,0,0,0,1,0.00234192037470652,192
2898,"RASSEGWDEQFF",1,6.58301844561768e-06,1,12,141,1,12,NA,0,0,0,0,0,1,0.00234192037470652,141
2900,"RASSSSVGYTF",1,6.58301844561768e-06,1,11,130,1,11,NA,0,0,0,0,0,1,0.00234192037470652,130
2901,"RASSYSYEQYF",1,6.58301844561768e-06,1,11,18,1,11,NA,9.54433608211135e-17,1.00061587957619e-17,0,0,0,1,0.00180391163997612,18
2902,"SASSQDYNEQFF",1,6.58301844561768e-06,1,12,194,1,12,NA,0,0,0,0,0,1,0.00234192037470652,194
2903,"SSVSGGNEQFF",1,6.58301844561768e-06,1,11,114,1,11,NA,0,0,0,0,0,1,0.00234192037470652,114
