"","aaSeqCDR3","cloneCount","cloneFraction","unique_nucleotide_count","AA_length"
"1","*ASSLGAGNYTF",1,6.58301844561768e-06,1,12
"2","*ASSRKGETTGEQYF",1,6.58301844561768e-06,1,15
"3","*ATSGNRGGRETQYF",1,6.58301844561768e-06,1,15
"4","*ATSRDLGAAEQYF",1,6.58301844561768e-06,1,14
"13","CACSIPEL_YNSPLHF",1,6.58301844561768e-06,1,16
"14","CACSLYYT_TSSYEQYF",1,6.58301844561768e-06,1,17
"17","CAESNRGDEQFF",13,8.55792397930299e-05,1,12
"18","CAESNRGDEQYF",1,6.58301844561768e-06,1,12
"22","CAGSLGEAGELFF",1,6.58301844561768e-06,1,13
"29","CAGTKLAATYNEQFF",1,6.58301844561768e-06,1,15
"36","CAIMKGEHDSYNEQFF",5,3.29150922280884e-05,1,16
"46","CAISEGNTRSGANVLTF",1,6.58301844561768e-06,1,17
"57","CAISESMARGDNNEQFF",2,1.31660368912354e-05,1,17
"58","CAISESMASGDNNEQFF",33,0.000217239608705384,1,17
"70","CAISLGAGEAKLFF",1,6.58301844561768e-06,1,14
"75","CAISTGLQTDTQYF",1,6.58301844561768e-06,1,14
"77","CAIT*TTNYGYTF",1,6.58301844561768e-06,1,13
"79","CAITETTNYGYTF",7,4.60811291193238e-05,1,13
"91","CANRDRGNTGELFF",1,6.58301844561768e-06,1,14
"93","CANSLLAGTTIPYEQYF",1,6.58301844561768e-06,1,17
"95","CAPAGG_DTQYF",4,2.63320737824707e-05,1,12
"97","CAPTKGLA_VRSNEQFF",5,3.29150922280884e-05,1,17
"98","CAPTMGLA_VRSNEQFF",1,6.58301844561768e-06,1,17
"99","CAPWRGETQYF",25,0.000164575461140442,1,11
"100","CAPWRRETQYF",1,6.58301844561768e-06,1,11
"104","CARKQGKR_SGNTIYF",13,8.55792397930299e-05,1,16
"105","CARKQGKR_SGNTIYY",1,6.58301844561768e-06,1,16
"116","CARSFFWLANHNEQFF",1,6.58301844561768e-06,1,16
"117","CARSFRREGPYEQ*F",1,6.58301844561768e-06,1,15
"118","CARSFRREGPYEQYF",10,6.58301844561769e-05,1,15
"121","CARSHGGAGYEQYF",1,6.58301844561768e-06,1,14
"122","CARSLAGWNEQFF",1,6.58301844561768e-06,1,13
"125","CARSLETGFNYGYTF",1,6.58301844561768e-06,1,15
"126","CARSLGAVSNQPQHF",1,6.58301844561768e-06,1,15
"130","CARSMGLAGHGDTQYF",1,6.58301844561768e-06,1,16
"137","CAS*PQRDEQFF",1,6.58301844561768e-06,1,12
"148","CASCLVASGS*STDTQYF",1,6.58301844561768e-06,1,18
"150","CASCSAGTGCNEQFF",22,0.000144826405803589,1,15
"151","CASCSAGTRCNEQFF",1,6.58301844561768e-06,1,15
"164","CASGDGNTGELFF",1,6.58301844561768e-06,1,13
"171","CASGGGNTGELFF",61,0.000401564125182679,1,13
"175","CASGIASRGPEKLFF",1,6.58301844561768e-06,1,15
"177","CASGKGLSSSGNTIYF",16,0.000105328295129883,1,16
"195","CASGSGGSRNDQFF",1,6.58301844561768e-06,1,14
"196","CASGSGGSRNEQFF",23,0.000151409424249207,1,14
"202","CASHSGLGTDTQYF",19,0.000125077350466736,2,14
"205","CASIERAGH_GGANVLTF",18,0.000118494332021118,1,18
"206","CASIERTGH_GGANVLTF",1,6.58301844561768e-06,1,18
"223","CASKGSTEAFF",34,0.000223822627151001,1,11
"235","CASLGSYNEQFF",16,0.000105328295129883,1,12
"239","CASLINRGTDTQYF",1,6.58301844561768e-06,1,14
"249","CASMGLAGVNEQFF",79,0.000520058457203797,1,14
"254","CASNDGASGTMVTQYF",3,1.97490553368531e-05,1,16
"260","CASNIRERQPQHF",1,6.58301844561768e-06,1,13
"281","CASQSGLGTDTQYF",1,6.58301844561768e-06,1,14
"297","CASRDRGNTGELFF",11,7.24132029017945e-05,1,14
"302","CASRDTGDGGAEQYF",17,0.000111911313575501,1,15
"303","CASRDTGVGGAEQYF",1,6.58301844561768e-06,1,15
"307","CASREGQLSTDTQYF",7,4.60811291193238e-05,2,15
"317","CASRG_DEQFF",1,6.58301844561768e-06,1,11
"318","CASRG_DEQYF",1,6.58301844561768e-06,1,11
"326","CASRGGRSSYNEQFF",1,6.58301844561768e-06,1,15
"331","CASRGLAGVNEQFF",22,0.000144826405803589,1,14
"335","CASRGNTEAFF",12,7.89962213474122e-05,1,11
"337","CASRGPGETGELFF",1,6.58301844561768e-06,1,14
"338","CASRGPGGTGELFF",20,0.000131660368912354,1,14
"343","CASRGQGAQPQHF",10,6.58301844561769e-05,1,13
"344","CASRGQGNQPQHF",8,5.26641475649415e-05,1,13
"348","CASRGSTEAFF",14,9.21622582386476e-05,1,11
"360","CASRLAATNTGELFF",206,0.00135610179979724,1,15
"366","CASRLGPSYNEQFF",22,0.000144826405803589,1,14
"407","CASRRGQLSTDTQYF",1,6.58301844561768e-06,1,15
"409","CASRRGQVQETQYF",14,9.21622582386476e-05,1,14
"415","CASRRNLNTEAFF",1,6.58301844561768e-06,1,13
"424","CASRRTLNTEAFF",12,7.89962213474122e-05,1,13
"441","CASRTGEEKLFF",12,7.89962213474122e-05,1,12
"462","CASS*GYQETQYF",1,6.58301844561768e-06,1,13
"521","CASSDRWD*_GLQETQYF",2,1.31660368912354e-05,1,18
"528","CASSEAGNTEAFF",5,3.29150922280884e-05,1,13
"531","CASSEARNTEAFF",3,1.97490553368531e-05,1,13
"549","CASSEGNTRSGANVLTF",6,3.94981106737061e-05,1,17
"556","CASSEGWDEQFF",17,0.000111911313575501,1,12
"587","CASSFDPDTQYF",3,1.97490553368531e-05,1,12
"590","CASSFDSDTQYF",2,1.31660368912354e-05,1,12
"591","CASSFDTSYEQYF",10,6.58301844561769e-05,1,13
"592","CASSFDTSYERYF",1,6.58301844561768e-06,1,13
"596","CASSFFWLANHNEQFF",5,3.29150922280884e-05,1,16
"600","CASSFGGTGNSGELFF",1,6.58301844561768e-06,1,16
"601","CASSFGIGSTKNIQYF",1,6.58301844561768e-06,1,16
"602","CASSFGIGSTQNIQYF",10,6.58301844561769e-05,1,16
"605","CASSFGLPYEQYF",5,3.29150922280884e-05,1,13
"606","CASSFGLSYEQYF",12,7.89962213474122e-05,1,13
"617","CASSFI*GTS_EFGQETQYF",1,6.58301844561768e-06,1,20
"618","CASSFI*GTS_EFSQETQYF",16,0.000105328295129883,1,20
"621","CASSFKQGAISNQPQHF",1,6.58301844561768e-06,1,17
"622","CASSFKQGANSNQPQHF",12,7.89962213474122e-05,1,17
"625","CASSFLNTEAFF",8,5.26641475649415e-05,1,12
"640","CASSFPNTEAFF",2,1.31660368912354e-05,1,12
"648","CASSFQSYEQYF",38,0.000250154700933472,1,12
"655","CASSFRGQGPNEQFF",6,3.94981106737061e-05,1,15
"656","CASSFRGTGNSGELFF",16,0.000105328295129883,1,16
"668","CASSFSTGEQFF",1,6.58301844561768e-06,1,12
"669","CASSFSTGEQYF",15,9.87452766842653e-05,1,12
"686","CASSGGDTQYF",62,0.000408147143628296,1,11
"690","CASSGGRSSYNEQFF",146,0.000961120693060182,1,15
"691","CASSGGTEETQYF",4,2.63320737824707e-05,1,13
"705","CASSGSDTQYF",7,4.60811291193238e-05,1,11
"721","CASSHGGAGYEQYF",1,6.58301844561768e-06,1,14
"733","CASSHRGHLTGELFF",20,0.000131660368912354,1,15
"746","CASSIASRGPEKLFF",13,8.55792397930299e-05,1,15
"756","CASSIEGGNEQFF",221,0.00145484707648151,1,13
"775","CASSIGLAGGPRGGELFF",2,1.31660368912354e-05,1,18
"795","CASSINRGTDTQYF",16,0.000105328295129883,1,14
"796","CASSIPEL_YNSPLHF",18,0.000118494332021118,1,16
"797","CASSIPSPGLYEQYF",17,0.000111911313575501,1,15
"798","CASSIPSPGLYKQYF",1,6.58301844561768e-06,1,15
"800","CASSIRERQPQHF",25,0.000164575461140442,1,13
"812","CASSIWLAGGPRGGELFF",1,6.58301844561768e-06,1,18
"842","CASSLAASGAEEQYF",1,6.58301844561768e-06,1,15
"844","CASSLAASGTEEQYF",19,0.000125077350466736,2,15
"845","CASSLAATNTGELFF",1,6.58301844561768e-06,1,15
"846","CASSLACG_DRYEQYF",1,6.58301844561768e-06,1,16
"850","CASSLAGAYEQYF",1,6.58301844561768e-06,1,13
"854","CASSLAGFSNEQFF",4,2.63320737824707e-05,1,14
"855","CASSLAGG_DRYEQYF",7,4.60811291193238e-05,1,16
"860","CASSLAGGSNEQFF",1,6.58301844561768e-06,1,14
"865","CASSLAGRSYNEQFF",1,6.58301844561768e-06,1,15
"871","CASSLAGVSNEQFF",7,4.60811291193238e-05,1,14
"872","CASSLAGWNEQFF",14,9.21622582386476e-05,2,13
"874","CASSLAGYYEQYF",2,1.31660368912354e-05,1,13
"878","CASSLANNYGYTF",1,6.58301844561768e-06,1,13
"885","CASSLASNYGYTF",4,2.63320737824707e-05,1,13
"894","CASSLDGRSYNEQFF",20,0.000131660368912354,1,15
"904","CASSLDRDSYSYNEQFF",2,1.31660368912354e-05,1,17
"917","CASSLEGAANSPLHF",1,6.58301844561768e-06,1,15
"918","CASSLEGANNSPLHF",24,0.000157992442694824,1,15
"921","CASSLEGG_LNTEAFF",1,6.58301844561768e-06,1,16
"924","CASSLEGGGLNTEAFF",2,1.31660368912354e-05,1,16
"925","CASSLEGGGLNTQAFF",1,6.58301844561768e-06,1,16
"927","CASSLEILGLAIQETQYF",1,6.58301844561768e-06,1,18
"928","CASSLEIPGLAIQETQYF",8,5.26641475649415e-05,1,18
"933","CASSLETGFNYGYTF",6,3.94981106737061e-05,1,15
"950","CASSLGAGEAKLFF",20,0.000131660368912354,1,14
"951","CASSLGAGEVKLFF",1,6.58301844561768e-06,1,14
"953","CASSLGAGNYTF",5,3.29150922280884e-05,1,12
"956","CASSLGAVSNQPQHF",7,4.60811291193238e-05,1,15
"958","CASSLGD_SNQPQHF",3,1.97490553368531e-05,1,15
"960","CASSLGEAGELFF",17,0.000111911313575501,2,13
"965","CASSLGG_SNQPQHF",1,6.58301844561768e-06,1,15
"966","CASSLGGDTEAFF",1,6.58301844561768e-06,1,13
"971","CASSLGGNEQFF",11,7.24132029017945e-05,1,12
"973","CASSLGGPGLAGQ*TQYF",1,6.58301844561768e-06,1,18
"974","CASSLGGPGLAGQETQYF",5,3.29150922280884e-05,1,18
"977","CASSLGGQTEAFF",1,6.58301844561768e-06,1,13
"981","CASSLGGTSGRDEQFF",5,3.29150922280884e-05,1,16
"990","CASSLGLAVNTGELFF",31,0.000204073571814148,1,16
"993","CASSLGMETQYF",28,0.000184324516477295,2,12
"994","CASSLGMGTQYF",1,6.58301844561768e-06,1,12
"995","CASSLGNTEAFF",1,6.58301844561768e-06,1,12
"1000","CASSLGPSYNEQFF",1,6.58301844561768e-06,1,14
"1002","CASSLGQAYEQYF",12,7.89962213474122e-05,1,13
"1006","CASSLGQGN*QYF",1,6.58301844561768e-06,1,13
"1007","CASSLGQGNEQYF",18,0.000118494332021118,1,13
"1008","CASSLGQGNTEAFF",1,6.58301844561768e-06,1,14
"1012","CASSLGQMNTEAFF",7,4.60811291193238e-05,1,14
"1015","CASSLGQRYEQYF",1,6.58301844561768e-06,1,13
"1027","CASSLGSDYGYTF",12,7.89962213474122e-05,1,13
"1030","CASSLGSNYGYTF",6,3.94981106737061e-05,1,13
"1052","CASSLGVNEHFF",1,6.58301844561768e-06,1,12
"1053","CASSLGVNEQFF",10,6.58301844561769e-05,1,12
"1056","CASSLGVTSGRDEQFF",1,6.58301844561768e-06,1,16
"1058","CASSLGYNEQFF",1,6.58301844561768e-06,1,12
"1073","CASSLLAGGDYEQYF",1,6.58301844561768e-06,1,15
"1075","CASSLLAGTTIPYEQYF",1,6.58301844561768e-06,1,17
"1085","CASSLLRTGGAVFHNEQFF",16,0.000105328295129883,1,19
"1086","CASSLLRTGGAVFHNEQYF",1,6.58301844561768e-06,1,19
"1108","CASSLNSYEQYF",456,0.00300185641120166,2,12
"1112","CASSLPGLGSNEKFF",1,6.58301844561768e-06,1,15
"1113","CASSLPGLGSNEQFF",19,0.000125077350466736,1,15
"1128","CASSLQGAREKLFF",3,1.97490553368531e-05,1,14
"1136","CASSLQGYEQYF",17,0.000111911313575501,1,12
"1142","CASSLQREREASIKWEFF",49,0.000322567903835267,1,18
"1144","CASSLQSYEQYF",1,6.58301844561768e-06,1,12
"1150","CASSLRDAWDEQFF",2,1.31660368912354e-05,1,14
"1151","CASSLRDAWDEQIF",1,6.58301844561768e-06,1,14
"1154","CASSLRFSGRTAEQYF",13,8.55792397930299e-05,1,16
"1155","CASSLRFSWRTAEQYF",1,6.58301844561768e-06,1,16
"1158","CASSLRGNEQFF",7,4.60811291193238e-05,1,12
"1179","CASSLRTGREQYF",1,6.58301844561768e-06,1,13
"1189","CASSLSGEGATQYF",12,7.89962213474122e-05,1,14
"1191","CASSLSGGIAKNIQYF",11,7.24132029017945e-05,1,16
"1201","CASSLSREGATQYF",1,6.58301844561768e-06,1,14
"1207","CASSLSSYEQYF",22,0.000144826405803589,1,12
"1209","CASSLSVGIAKNIQYF",1,6.58301844561768e-06,1,16
"1211","CASSLTASGRGEQSF",1,6.58301844561768e-06,1,15
"1212","CASSLTASGRGEQYF",1,6.58301844561768e-06,1,15
"1215","CASSLTGAYEQYF",1,6.58301844561768e-06,1,13
"1225","CASSLTGSYEQYF",3,1.97490553368531e-05,1,13
"1227","CASSLTNRGNEQFF",16,0.000105328295129883,1,14
"1228","CASSLTNTEAFF",4,2.63320737824707e-05,1,12
"1230","CASSLTQNQPQHF",1,6.58301844561768e-06,1,13
"1233","CASSLTSGSRYEQYF",1,6.58301844561768e-06,1,15
"1234","CASSLTSGSSYEQYF",3,1.97490553368531e-05,1,15
"1237","CASSLTVNQPQHF",1,6.58301844561768e-06,1,13
"1240","CASSLVASGS*STDTQYF",7,4.60811291193238e-05,1,18
"1279","CASSLYYT_TSSYEQYF",15,9.87452766842653e-05,1,17
"1285","CASSMGLAGHGDTQYF",9,5.92471660105592e-05,1,16
"1291","CASSMNAAGESYGYTF",19,0.000125077350466736,1,16
"1292","CASSMNAARESYGYTF",1,6.58301844561768e-06,1,16
"1296","CASSMRTGREQYF",1,6.58301844561768e-06,1,13
"1298","CASSNGAGTSNYGYTF",14,9.21622582386476e-05,1,16
"1299","CASSNGSGTSNYGYTF",1,6.58301844561768e-06,1,16
"1309","CASSP",1,6.58301844561768e-06,1,5
"1313","CASSPARDSSYEQYF",12,7.89962213474122e-05,1,15
"1314","CASSPARDSSYEQYL",1,6.58301844561768e-06,1,15
"1315","CASSPARLAGSTDTQYF",9,5.92471660105592e-05,1,17
"1316","CASSPARLAGSTETQYF",1,6.58301844561768e-06,1,17
"1320","CASSPDGRNQPQHF",4,2.63320737824707e-05,1,14
"1322","CASSPDRGYGYSF",1,6.58301844561768e-06,1,13
"1323","CASSPDRGYGYTF",10,6.58301844561769e-05,1,13
"1326","CASSPDSSGNTIYF",16,0.000105328295129883,1,14
"1342","CASSPGGGSYNEQFF",1,6.58301844561768e-06,1,15
"1345","CASSPGGNYGYTF",17,0.000111911313575501,1,13
"1350","CASSPGHNRGETKYF",1,6.58301844561768e-06,1,15
"1351","CASSPGHNRGETQYF",13,8.55792397930299e-05,1,15
"1364","CASSPGQNYGYTF",1,6.58301844561768e-06,1,13
"1371","CASSPGTEETQYF",44,0.000289652811607178,1,13
"1378","CASSPGTSGRNEQFF",2,1.31660368912354e-05,1,15
"1379","CASSPGTSGYNEQFF",13,8.55792397930299e-05,3,15
"1383","CASSPHGSGRSYEQYF",15,9.87452766842653e-05,1,16
"1386","CASSPHPTEQDYTF",13,8.55792397930299e-05,1,14
"1387","CASSPHPTERDYTF",1,6.58301844561768e-06,1,14
"1389","CASSPHVSGRSYEQYF",1,6.58301844561768e-06,1,16
"1400","CASSPLGRNQPQHF",8,5.26641475649415e-05,1,14
"1422","CASSPPSSGNTIYF",8,5.26641475649415e-05,1,14
"1437","CASSPQRDEQFF",20,0.000131660368912354,1,12
"1438","CASSPQREVTDTQYF",18,0.000118494332021118,1,15
"1439","CASSPQREVTDTQYL",1,6.58301844561768e-06,1,15
"1450","CASSPRGGSYNEQFF",1,6.58301844561768e-06,1,15
"1451","CASSPRGQAGYQETQYF",8,5.26641475649415e-05,1,17
"1462","CASSPRQGFGYTF",1,6.58301844561768e-06,1,13
"1466","CASSPRRSVLPYEQYF",11,7.24132029017945e-05,1,16
"1467","CASSPRRSVLPYEQYY",1,6.58301844561768e-06,1,16
"1470","CASSPRTDSYEQYF",18,0.000118494332021118,1,14
"1471","CASSPRTESYEQYF",8,5.26641475649415e-05,1,14
"1482","CASSPSGGDEQFF",1,6.58301844561768e-06,1,13
"1483","CASSPSGGDEQYF",26,0.00017115847958606,2,13
"1518","CASSPTSGRYEQYF",113,0.000743881084354798,1,14
"1520","CASSPTSGVLNEQFF",1,6.58301844561768e-06,1,15
"1535","CASSQAGERSPLHF",15,9.87452766842653e-05,1,14
"1536","CASSQAGGRSPLHF",1,6.58301844561768e-06,1,14
"1541","CASSQARERSPLHF",1,6.58301844561768e-06,1,14
"1553","CASSQDLGTGGAGGYTF",1,6.58301844561768e-06,1,17
"1554","CASSQDLGTGGASGYTF",1,6.58301844561768e-06,1,17
"1567","CASSQDTGTGGAGGYTF",3,1.97490553368531e-05,1,17
"1570","CASSQDYNEQFF",4,2.63320737824707e-05,1,12
"1595","CASSQGLAVNTGELFF",6,3.94981106737061e-05,1,16
"1615","CASSQPGDDEQFF",1,6.58301844561768e-06,1,13
"1616","CASSQPGGDEQFF",9,5.92471660105592e-05,1,13
"1621","CASSQRTGREQFF",1,6.58301844561768e-06,1,13
"1622","CASSQRTGREQYF",380,0.00250154700933472,1,13
"1644","CASSQWQTAYSGNTIYF",7,4.60811291193238e-05,1,17
"1645","CASSQWQTAYSGNTVYF",2,1.31660368912354e-05,1,17
"1646","CASSQWQTVYSGNTIYF",1,6.58301844561768e-06,1,17
"1651","CASSR*LAGLAKNIQYF",13,8.55792397930299e-05,1,17
"1652","CASSR*LAWLAKNIQYF",1,6.58301844561768e-06,1,17
"1661","CASSRDRLASG_ELSGANVLTF",5,3.29150922280884e-05,1,22
"1662","CASSRDRLASG_ELSGANVLTS",1,6.58301844561768e-06,1,22
"1663","CASSRDRSSYEQYF",17,0.000111911313575501,1,14
"1665","CASSRG*GAVIEHF",2,1.31660368912354e-05,1,14
"1672","CASSRGQGAVIEHF",15,9.87452766842653e-05,1,14
"1674","CASSRGRDEKLFF",17,0.000111911313575501,1,13
"1679","CASSRKGETTGEQYF",21,0.000138243387357971,1,15
"1693","CASSRPGSYEQYF",5,3.29150922280884e-05,1,13
"1700","CASSRQGRTDTQYF",2205,0.014515555672587,1,14
"1701","CASSRQGSYEQYF",2,1.31660368912354e-05,1,13
"1707","CASSRRGKETQYF",1,6.58301844561768e-06,1,13
"1712","CASSRRQGFGYTF",66,0.000434479217410767,1,13
"1732","CASSRTSGVLNEQFF",18,0.000118494332021118,1,15
"1744","CASSS",1,6.58301844561768e-06,1,5
"1754","CASSSEGGNEQFF",4,2.63320737824707e-05,1,13
"1756","CASSSETGFNYGYTF",1,6.58301844561768e-06,1,15
"1763","CASSSG_TGELFF",1,6.58301844561768e-06,1,13
"1766","CASSSGASENTIYF",1,6.58301844561768e-06,1,14
"1767","CASSSGASGNTIYF",14,9.21622582386476e-05,1,14
"1790","CASSSGTEETQYF",1,6.58301844561768e-06,1,13
"1803","CASSSGVTGELFF",15,9.87452766842653e-05,2,13
"1804","CASSSGYQETQYF",19,0.000125077350466736,1,13
"1814","CASSSLAGGDYEQYF",7,4.60811291193238e-05,1,15
"1824","CASSSMANW*FF",2,1.31660368912354e-05,1,12
"1825","CASSSMANWQFF",22,0.000144826405803589,1,12
"1838","CASSSQVGQGVFQPQHF",5,3.29150922280884e-05,1,17
"1839","CASSSQVGQGVFQPQYF",1,6.58301844561768e-06,1,17
"1840","CASSSRG_GETQYF",2,1.31660368912354e-05,1,14
"1842","CASSSRGGGETQYF",1,6.58301844561768e-06,1,14
"1845","CASSSRGQAGYQETQYF",1,6.58301844561768e-06,1,17
"1865","CASSSSSYEQYF",1,6.58301844561768e-06,1,12
"1868","CASSSSVGYTF",23,0.000151409424249207,1,11
"1900","CASSTGEEKLFF",1,6.58301844561768e-06,1,12
"1901","CASSTGFTSGSYEQYF",15,9.87452766842653e-05,1,16
"1902","CASSTGFTSRSYEQYF",1,6.58301844561768e-06,1,16
"1909","CASSTGRSGSTNEKLFF",7,4.60811291193238e-05,1,17
"1910","CASSTGRSGSTNENLFF",1,6.58301844561768e-06,1,17
"1916","CASSTLLEYQETQYF",14,9.21622582386476e-05,1,15
"1923","CASSTQGAGADTQYF",1,6.58301844561768e-06,1,15
"1924","CASSTQGAGAETQYF",1,6.58301844561768e-06,1,15
"1935","CASSTSGGDEQFF",3,1.97490553368531e-05,1,13
"1946","CASSTVNEPFF",1,6.58301844561768e-06,1,11
"1947","CASSTVNEQFF",28,0.000184324516477295,1,11
"2013","CASSYDGDDEQYF",1,6.58301844561768e-06,1,13
"2016","CASSYDRDDEQYF",14,9.21622582386476e-05,1,13
"2018","CASSYDRSSYEQYF",1,6.58301844561768e-06,1,14
"2022","CASSYFTGIRRTGELFF",1,6.58301844561768e-06,1,17
"2023","CASSYFTGTRRTGELFF",7,4.60811291193238e-05,1,17
"2026","CASSYGGHEQYF",2,1.31660368912354e-05,1,12
"2035","CASSYGYEQYF",34,0.000223822627151001,1,11
"2045","CASSYLGKETQYF",1,6.58301844561768e-06,1,13
"2047","CASSYLGPTDTQYF",1,6.58301844561768e-06,1,14
"2067","CASSYQDRGTSNTEAFF",13,8.55792397930299e-05,1,17
"2069","CASSYQDRRTSNTEAFF",1,6.58301844561768e-06,1,17
"2078","CASSYRGGDEQFF",1,6.58301844561768e-06,1,13
"2080","CASSYRGHLTGELFF",1,6.58301844561768e-06,1,15
"2081","CASSYRGKETQYF",17,0.000111911313575501,1,13
"2098","CASSYSGGDEQFF",5510,0.0362724316353534,1,13
"2100","CASSYSGGDEQYF",1,6.58301844561768e-06,1,13
"2110","CASSYSGPTDTQYF",13,8.55792397930299e-05,1,14
"2112","CASSYSGQGVKNIQYF",7,4.60811291193238e-05,1,16
"2133","CASSYSRQGVKNIQYF",1,6.58301844561768e-06,1,16
"2142","CASSYSYEQYF",29,0.000190907534922913,1,11
"2161","CASSYWGHEQYF",1,6.58301844561768e-06,1,12
"2166","CASTEQG_VCEQYF",1,6.58301844561768e-06,1,14
"2167","CASTEQG_VYEQFF",1,6.58301844561768e-06,1,14
"2168","CASTEQG_VYEQYF",21,0.000138243387357971,1,14
"2175","CASTGSYNEQFF",21,0.000138243387357971,1,12
"2176","CASTGSYSEQFF",1,6.58301844561768e-06,1,12
"2180","CASTILRAEKLFF",4,2.63320737824707e-05,1,13
"2181","CASTILRAEKLFL",1,6.58301844561768e-06,1,13
"2184","CASTKLAATYNEQFF",16,0.000105328295129883,1,15
"2185","CASTKLAATYNEQYF",1,6.58301844561768e-06,1,15
"2186","CASTKRPG_SGGELFF",1,6.58301844561768e-06,1,16
"2188","CASTKRPGGSGGELFF",18,0.000118494332021118,1,16
"2191","CASTLDIVYNEKFF",1,6.58301844561768e-06,1,14
"2192","CASTLDIVYNEQFF",13,8.55792397930299e-05,1,14
"2228","CASTRQGSYEQYF",1,6.58301844561768e-06,1,13
"2232","CASTRWGLASGEQFF",1,6.58301844561768e-06,1,15
"2233","CASTRWRLASGEQFF",1,6.58301844561768e-06,1,15
"2237","CASTSEGWRNNEQFF",1,6.58301844561768e-06,1,15
"2238","CASTSEGWRYNEQFF",7,4.60811291193238e-05,1,15
"2250","CASTTG_GEKLFF",3,1.97490553368531e-05,1,13
"2251","CASTTGGGEKLFF",37,0.000243571682487854,1,13
"2272","CATAQGENQPQHF",8,5.26641475649415e-05,2,13
"2273","CATAQGSNQPQHF",5,3.29150922280884e-05,1,13
"2281","CATGSRQG_VADTQYF",1,6.58301844561768e-06,1,16
"2290","CATQAGVDEQFF",10,6.58301844561769e-05,2,12
"2291","CATQAGVDEQYF",1,6.58301844561768e-06,1,12
"2296","CATRGQGRTDTHYF",1,6.58301844561768e-06,1,14
"2297","CATRGQGRTDTQYF",12,7.89962213474122e-05,1,14
"2306","CATSADSSNQPQHF",2,1.31660368912354e-05,1,14
"2313","CATSDFYRG_NSGANVLTF",4,2.63320737824707e-05,1,19
"2314","CATSDFYRG_NSGANVLTS",1,6.58301844561768e-06,1,19
"2336","CATSDRWD*_GLQETQYF",14,9.21622582386476e-05,1,18
"2344","CATSEGAGDEKLFF",55,0.000362066014508973,1,14
"2345","CATSEGAGEEKLFF",3,1.97490553368531e-05,1,14
"2351","CATSGNRGGRETQYF",12,7.89962213474122e-05,1,15
"2357","CATSGRQGSMDEQYF",1,6.58301844561768e-06,1,15
"2358","CATSGRQGSVDEQYF",18,0.000118494332021118,1,15
"2364","CATSLAGSNQPQHF",8,5.26641475649415e-05,1,14
"2375","CATSPTSGRYEQYF",1,6.58301844561768e-06,1,14
"2379","CATSRAGTFYDEQYF",29,0.000190907534922913,1,15
"2387","CATSRDLGAAEQYF",17,0.000111911313575501,1,14
"2397","CATSRDSSNQPQHF",6,3.94981106737061e-05,1,14
"2408","CATSRESG_QQGEQFF",6,3.94981106737061e-05,1,16
"2411","CATSREVG_QQGEQFF",1,6.58301844561768e-06,1,16
"2431","CATSRQGGTDTQYF",122,0.000803128250365358,1,14
"2432","CATSRQGRTDTQYF",2,1.31660368912354e-05,1,14
"2434","CATSRSGTFYDEQYF",1,6.58301844561768e-06,1,15
"2446","CATSSRQG_VADTQYF",15,9.87452766842653e-05,1,16
"2449","CATSTGLQTDTQYF",17,0.000111911313575501,1,14
"2476","CAWSAGG_SYGYTF",1,6.58301844561768e-06,1,14
"2477","CAWSAGGGSYGYTF",4,2.63320737824707e-05,1,14
"2485","CAWSHGQGFGYTF",1,6.58301844561768e-06,1,13
"2486","CAWSHGQGYGYTF",31,0.000204073571814148,1,13
"2521","CDSGKGLSSSGNTIYF",1,6.58301844561768e-06,1,16
"2522","CDSSFRGQGPNEQFF",1,6.58301844561768e-06,1,15
"2524","CGSSLDRDSYSYNEQFF",1,6.58301844561768e-06,1,17
"2525","CGSSLTNRGNEQFF",1,6.58301844561768e-06,1,14
"2534","CISVPEAEG_GDRYEQYF",1,6.58301844561768e-06,1,18
"2538","CISVSEAEG_GDRYEQYF",2,1.31660368912354e-05,1,18
"2541","CP*TGGV_V*ETQYF",1,6.58301844561768e-06,1,15
"2542","CP*TGGV_VQETQYF",12,7.89962213474122e-05,1,15
"2547","CSAASGAGT*AFF",1,6.58301844561768e-06,1,13
"2548","CSAASGAGTEAFF",18,0.000118494332021118,2,13
"2662","CSARGG_RNEQYF",1,6.58301844561768e-06,1,13
"2664","CSARGGDRNEQYF",24,0.000157992442694824,1,13
"2675","CSARGTSGRAQSYEQYF",6,3.94981106737061e-05,1,17
"2676","CSARGTSGRGQSYEQYF",1,6.58301844561768e-06,1,17
"2770","CSSNDGASGTMVTQYF",1,6.58301844561768e-06,1,16
"2781","CSVDSEGGNTIYF",60,0.000394981106737061,1,13
"2782","CSVDSEGRNTIYF",1,6.58301844561768e-06,1,13
"2792","CSVEGLA_SSYEQYF",113,0.000743881084354798,1,15
"2793","CSVEGLAG_NTGELFF",1,6.58301844561768e-06,1,16
"2794","CSVEGLAGNNEQFF",81,0.000533224494095032,1,14
"2798","CSVEGVA_SSYEQYF",1,6.58301844561768e-06,1,15
"2799","CSVEGVAG_DTGELFF",3,1.97490553368531e-05,1,16
"2800","CSVEGVAG_NTGELFF",1,6.58301844561768e-06,1,16
"2804","CSVEGVAGNNEQFF",1,6.58301844561768e-06,1,14
"2845","CSVRTGGDEQYF",1,6.58301844561768e-06,1,12
"2846","CSVRTGGYEQYF",266,0.0017510829065343,1,12
"2852","CSVSGGNEQFF",138,0.00090845654549524,1,11
"2853","CSVSGGWQETQFF",1,6.58301844561768e-06,1,13
"2854","CSVSGGWQETQYF",24,0.000157992442694824,1,13
"2863","CSVVGLA_SSYEQYF",1,6.58301844561768e-06,1,15
"2886","CTIMKGEHDSYNEQFF",1,6.58301844561768e-06,1,16
"2887","CTSSTLLEYQETQYF",1,6.58301844561768e-06,1,15
"2888","CTTSRESG_QQGEQFF",1,6.58301844561768e-06,1,16
"2891","CVSSLQREREASIKWEFF",1,6.58301844561768e-06,1,18
"2892","CVSSRGRDEKLFF",1,6.58301844561768e-06,1,13
"2893","FASSLQGAREKLFF",1,6.58301844561768e-06,1,14
"2894","FATSLAGSNQPQHF",1,6.58301844561768e-06,1,14
"2895","RAPAGG_DTQYF",71,0.000467394309638856,1,12
"2896","RASRDTGDGGAEQYF",1,6.58301844561768e-06,1,15
"2897","RASRRGQVQETQYF",1,6.58301844561768e-06,1,14
"2898","RASSEGWDEQFF",1,6.58301844561768e-06,1,12
"2900","RASSSSVGYTF",1,6.58301844561768e-06,1,11
"2901","RASSYSYEQYF",1,6.58301844561768e-06,1,11
"2902","SASSQDYNEQFF",1,6.58301844561768e-06,1,12
"2903","SSVSGGNEQFF",1,6.58301844561768e-06,1,11
